Census Tract,Neighborhood,Latitude,Longitude
101110,Tujunga,34.2595555,-118.293602
101122,Tujunga,34.267357,-118.29024
101210,Tujunga,34.251998,-118.2926875
101220,Tujunga,34.2511895,-118.281014
101300,Tujunga,34.2455945,-118.271731
101400,Tujunga,34.244255,-118.296428
102103,Shadow Hills,34.224155,-118.354339
102104,Shadow Hills,34.216189,-118.3456235
102105,Sun Valley,34.210852,-118.3480495
102107,Shadow Hills,34.2412955,-118.3292705
103101,Sunland,34.274431,-118.30714
103102,Sunland,34.262834,-118.30683
103200,Lake View Terrace,34.2745565,-118.3439025
103300,Shadow Hills,34.255439,-118.3527775
103400,Sunland,34.253933,-118.3147245
104103,Lake View Terrace,34.2819045,-118.3918905
104105,Pacoima,34.276146,-118.404645
104108,Pacoima,34.271671,-118.397614
104124,Lopez/Kagel Canyons,34.287866,-118.376208
104201,Pacoima,34.2867415,-118.4160805
104203,Pacoima,34.279058,-118.411554
104204,Lake View Terrace,34.2886315,-118.396898
104310,Pacoima,34.2762555,-118.4293915
104320,Pacoima,34.27316,-118.4202235
104401,Pacoima,34.2670615,-118.433071
104403,Pacoima,34.2589085,-118.4345385
104404,Pacoima,34.2639205,-118.4286915
104500,Pacoima,34.25551,-118.4257485
104610,Pacoima,34.2604335,-118.4189955
104620,Pacoima,34.2579045,-118.422465
104701,Pacoima,34.268476,-118.4152165
104703,Pacoima,34.2551165,-118.399872
104704,Pacoima,34.2625155,-118.4088415
104810,Pacoima,34.2502955,-118.411179
104821,Pacoima,34.2465705,-118.416294
104822,Pacoima,34.245882,-118.4209225
106010,Sylmar,34.3231715,-118.444538
106020,Sylmar,34.320427,-118.428524
106111,Sylmar,34.3231945,-118.4087995
106112,Sylmar,34.305005,-118.414298
106113,Sylmar,34.3062,-118.42203
106114,Sylmar,34.302675,-118.426951
106403,Sylmar,34.306005,-118.441288
106405,Sylmar,34.3146865,-118.448309
106406,Sylmar,34.321542,-118.4587415
106407,Sylmar,34.3105765,-118.4365505
106408,Sylmar,34.3132585,-118.440082
106510,Sylmar,34.3236325,-118.4860245
106520,Sylmar,34.308856,-118.4613605
106603,Granada Hills,34.3189225,-118.5218285
106604,Sylmar,34.3042795,-118.474247
106641,Granada Hills,34.298025,-118.509153
106642,Granada Hills,34.2863475,-118.5084525
106643,Granada Hills,34.289784,-118.524711
106645,Granada Hills,34.2905125,-118.4928915
106646,Granada Hills,34.2790905,-118.4941245
106648,Sylmar,34.293406,-118.4556035
106649,Sylmar,34.288747,-118.4611105
107010,Sylmar,34.302027,-118.446501
107020,Sylmar,34.2975345,-118.4503905
108101,Porter Ranch,34.280038,-118.5413715
108102,Porter Ranch,34.280795,-118.55492
108103,Porter Ranch,34.2860705,-118.542893
108104,Porter Ranch,34.2939525,-118.5470515
108201,Porter Ranch,34.2857885,-118.562083
108202,Chatsworth,34.288396,-118.581814
109100,Mission Hills,34.278731,-118.4610295
109200,Granada Hills,34.2786785,-118.474608
109300,Granada Hills,34.272521,-118.479515
109400,Mission Hills,34.269881,-118.4552825
109500,San Fernando,34.274036,-118.4444575
113237,Chatsworth,34.2451855,-118.6125745
109601,Mission Hills,34.2582765,-118.450367
109603,Mission Hills,34.2536515,-118.465415
109604,Mission Hills,34.2615535,-118.465347
109700,Granada Hills,34.263394,-118.4810215
109800,North Hills,34.2537535,-118.481817
111100,Granada Hills,34.2683575,-118.4946735
111201,Granada Hills,34.275029,-118.50855
111202,Granada Hills,34.2683485,-118.5151565
111204,Porter Ranch,34.2620495,-118.5490485
111205,Northridge,34.253636,-118.5358265
111206,Porter Ranch,34.2676425,-118.5361955
111301,Granada Hills,34.2610855,-118.5158815
111302,Northridge,34.2539425,-118.512829
111400,Granada Hills,34.257483,-118.495412
113101,Chatsworth,34.265338,-118.5882575
113102,Chatsworth,34.265325,-118.568068
113211,Chatsworth,34.2635755,-118.611966
113212,Chatsworth,34.2608605,-118.6035245
113213,Chatsworth,34.2535965,-118.608218
113231,Chatsworth Reservoir,34.2282065,-118.645614
113232,West Hills,34.227417,-118.61402
113233,Canoga Park,34.2275575,-118.6017175
113234,Canoga Park,34.227624,-118.59227
113235,Chatsworth,34.2373915,-118.6488335
113301,Northridge,34.2448005,-118.5590895
113303,Chatsworth,34.2420235,-118.5801645
113321,Chatsworth,34.25361,-118.5913535
113322,Chatsworth,34.253622,-118.571362
113401,Winnetka,34.2279845,-118.562301
113421,Winnetka,34.234694,-118.5826685
113422,Winnetka,34.224085,-118.5821745
115101,Northridge,34.239435,-118.5112365
115103,Northridge,34.246414,-118.528551
115104,Northridge,34.2395005,-118.523595
115201,Northridge,34.244559,-118.537408
115202,Northridge,34.2338575,-118.537507
115301,Northridge,34.240482,-118.545339
115302,Northridge,34.226401,-118.5498615
115401,Northridge,34.2247565,-118.5149735
115403,Northridge,34.22481,-118.5317135
115404,Northridge,34.2257645,-118.5412445
117101,North Hills,34.2391215,-118.4617905
117102,North Hills,34.2463715,-118.4596495
117201,North Hills,34.242798,-118.470143
117202,North Hills,34.242857,-118.478624
117301,North Hills,34.242917,-118.4905265
117302,Northridge,34.235472,-118.49709
117303,North Hills,34.2281815,-118.4920695
117404,North Hills,34.228481,-118.479066
117405,North Hills,34.2337315,-118.4702305
117407,North Hills,34.2300885,-118.470266
117408,North Hills,34.2248485,-118.4703675
117510,North Hills,34.2336865,-118.462625
117520,North Hills,34.230017,-118.4631875
117530,North Hills,34.224845,-118.4634755
119001,Arleta,34.232289,-118.4180405
119002,Arleta,34.245902,-118.428032
119201,Arleta,34.246411,-118.441015
119202,Arleta,34.2559555,-118.442705
119310,Panorama City,34.246626,-118.450697
119320,Panorama City,34.239058,-118.453982
119340,Panorama City,34.2336085,-118.4518995
119341,Panorama City,34.237627,-118.4453355
119342,Panorama City,34.240834,-118.4468745
119400,Arleta,34.2399345,-118.4355265
119700,Panorama City,34.219334,-118.4266115
119800,Arleta,34.2337665,-118.429943
119900,Panorama City,34.227376,-118.441236
120010,Panorama City,34.2175015,-118.4629745
120020,Panorama City,34.2166115,-118.4541405
120030,Panorama City,34.2149315,-118.451986
120103,Panorama City,34.229161,-118.4516205
120104,Panorama City,34.224796,-118.4484845
120105,Panorama City,34.2300875,-118.444443
120106,Panorama City,34.223101,-118.4567005
120107,Panorama City,34.2264195,-118.4566575
120108,Panorama City,34.231779,-118.4563995
120300,Panorama City,34.214918,-118.439841
120400,Panorama City,34.2178505,-118.4330175
121010,Sun Valley,34.224559,-118.402591
121020,Sun Valley,34.2110805,-118.402468
121101,Sun Valley,34.225737,-118.3655
121102,Sun Valley,34.2403885,-118.3845615
121210,Pacoima,34.2400435,-118.404715
121221,Sun Valley,34.227323,-118.396127
121222,Sun Valley,34.2330185,-118.391909
121600,Sun Valley,34.211448,-118.409348
121801,Sun Valley,34.21209,-118.3921495
121802,Sun Valley,34.219592,-118.39214
121900,Sun Valley,34.2176405,-118.3816355
122000,Sun Valley,34.2171585,-118.4183795
122120,Sun Valley,34.21116,-118.371144
122121,Sun Valley,34.2138845,-118.3714175
122122,Sun Valley,34.220949,-118.3717735
122200,Sun Valley,34.214391,-118.3596165
122410,Sun Valley,34.204063,-118.3921485
122420,Sun Valley,34.203194,-118.3834125
123010,Sun Valley,34.202326,-118.374682
123020,Sun Valley,34.2048255,-118.366247
123103,North Hollywood,34.1906295,-118.365029
123104,North Hollywood,34.183057,-118.364585
123203,North Hollywood,34.195833,-118.392147
123204,North Hollywood,34.193936,-118.39433
123205,North Hollywood,34.194979,-118.383413
123206,North Hollywood,34.1941185,-118.3746795
123301,North Hollywood,34.199392,-118.401141
123303,Valley Glen,34.1975515,-118.411425
123304,Valley Glen,34.19712,-118.4056305
123410,Valley Glen,34.197565,-118.4224435
123420,Valley Glen,34.1939335,-118.418128
123510,Valley Glen,34.195752,-118.4268885
123520,Valley Glen,34.190302,-118.4244185
123601,Valley Glen,34.177484,-118.417834
123602,Valley Glen,34.1794765,-118.42688
123700,Valley Glen,34.184859,-118.409517
123800,Valley Glen,34.181224,-118.400846
123901,North Hollywood,34.1848585,-118.394806
123902,North Hollywood,34.176766,-118.3921365
124000,Valley Village,34.162959,-118.4048165
124102,North Hollywood,34.175783,-118.383398
124103,North Hollywood,34.1884915,-118.3834125
124104,North Hollywood,34.1848615,-118.383409
124105,North Hollywood,34.181229,-118.383405
124201,North Hollywood,34.1848665,-118.374674
124203,North Hollywood,34.177602,-118.3746645
124204,North Hollywood,34.1739735,-118.3746565
124300,North Hollywood,34.175793,-118.36403
124400,Valley Glen,34.1738495,-118.409707
124500,Valley Glen,34.1741095,-118.4246955
124600,Sherman Oaks,34.161935,-118.4268715
124902,Valley Village,34.170222,-118.4008735
124903,Valley Village,34.1666115,-118.4008715
125100,Valley Village,34.1648815,-118.39212
125200,Valley Village,34.1648915,-118.383369
125310,North Hollywood,34.1685345,-118.3668635
125320,North Hollywood,34.1667075,-118.3702555
125401,North Hollywood,34.1612765,-118.374603
125402,North Hollywood,34.1568065,-118.3734175
125501,North Hollywood,34.1621865,-118.365879
125502,Toluca Lake,34.1564755,-118.3658595
125600,Toluca Lake,34.1588915,-118.355607
127102,Van Nuys,34.206446,-118.4443775
127103,Van Nuys,34.2046925,-118.42898
127104,Van Nuys,34.2056005,-118.4356785
127210,Van Nuys,34.2080785,-118.45744
127220,Van Nuys,34.2047635,-118.4531115
127300,Van Nuys,34.2087545,-118.4697515
127400,Van Nuys,34.211219,-118.4794785
127520,Van Nuys,34.2182555,-118.469623
127603,Van Nuys,34.19575,-118.479983
127604,Van Nuys,34.199296,-118.479612
127605,Van Nuys,34.1902705,-118.485831
127606,Van Nuys,34.190276,-118.4777465
127711,Van Nuys,34.1871595,-118.4701935
127712,Van Nuys,34.197487,-118.4701995
127803,Van Nuys,34.197557,-118.4530895
127804,Van Nuys,34.197493,-118.461823
127805,Van Nuys,34.192108,-118.457452
127806,Van Nuys,34.1886615,-118.457449
127910,Van Nuys,34.197562,-118.444372
127920,Van Nuys,34.197565,-118.435622
128101,Valley Glen,34.1902995,-118.4356175
128102,Van Nuys,34.190296,-118.444351
128210,Van Nuys,34.183584,-118.4443465
128220,Valley Glen,34.1832715,-118.4356135
128302,Van Nuys,34.18353,-118.4596295
128303,Van Nuys,34.18356,-118.4530775
128400,Van Nuys,34.178852,-118.461253
128500,Sherman Oaks,34.1703025,-118.4443375
128601,Valley Glen,34.1781255,-118.439977
128602,Sherman Oaks,34.1712145,-118.4356065
128702,Sherman Oaks,34.1600075,-118.439966
128801,Sherman Oaks,34.1684665,-118.46564
128802,Sherman Oaks,34.1684825,-118.455251
128910,Sherman Oaks,34.160867,-118.4590905
131010,Reseda,34.214552,-118.541108
131020,Reseda,34.1992525,-118.5399945
131100,Lake Balboa,34.2148095,-118.505505
131200,Lake Balboa,34.2147545,-118.514238
131300,Reseda,34.2146895,-118.5229705
131400,Reseda,34.214622,-118.531704
131600,Reseda,34.214462,-118.553111
131701,Reseda,34.2046655,-118.5578915
131702,Reseda,34.2046775,-118.548712
131800,Reseda,34.2047035,-118.527322
131900,Lake Balboa,34.2047185,-118.50986
132001,Lake Balboa,34.1920605,-118.5142095
132002,Lake Balboa,34.193829,-118.5098475
132101,Lake Balboa,34.1902625,-118.495655
132102,Lake Balboa,34.20352,-118.4967605
132300,Reseda,34.1974585,-118.5273115
132501,Reseda,34.197466,-118.548712
132502,Reseda,34.190734,-118.5471015
132700,Reseda,34.189425,-118.527258
132900,Encino,34.185127,-118.525918
133000,Reseda,34.1944835,-118.557871
133100,Tarzana,34.185206,-118.5447525
134001,Canoga Park,34.2017765,-118.5906475
134002,Winnetka,34.2017175,-118.584817
134101,Winnetka,34.214331,-118.5666505
134103,Winnetka,34.214258,-118.5790175
134104,Winnetka,34.211953,-118.575385
134201,Canoga Park,34.2141235,-118.59024
134302,West Hills,34.2138875,-118.6216555
134303,West Hills,34.2027615,-118.614672
134304,Canoga Park,34.213963,-118.6102945
134305,Canoga Park,34.2176665,-118.601714
134306,Canoga Park,34.2119155,-118.601704
134421,West Hills,34.2027805,-118.6477985
134422,West Hills,34.203569,-118.630125
134423,West Hills,34.2137705,-118.63362
134424,West Hills,34.21294,-118.6550685
134520,Canoga Park,34.197392,-118.59933
134521,Canoga Park,34.2046645,-118.5952795
134522,Canoga Park,34.2046535,-118.6016945
134710,Winnetka,34.204629,-118.579151
134720,Winnetka,34.204646,-118.568813
134800,Winnetka,34.195612,-118.5725685
134901,Tarzana,34.1859945,-118.562223
134903,Canoga Park,34.191802,-118.5929565
134904,Winnetka,34.1904695,-118.5796995
134905,Woodland Hills,34.1829585,-118.584201
135102,West Hills,34.188713,-118.6189975
135111,Canoga Park,34.192351,-118.6102355
135113,Woodland Hills,34.181024,-118.6059875
135114,Canoga Park,34.1882935,-118.605996
460302,Altadena,34.1949925,-118.157667
135201,West Hills,34.1883425,-118.627666
135202,West Hills,34.1891815,-118.6372335
135203,West Hills,34.1943875,-118.6552165
137000,Woodland Hills,34.167095,-118.6409615
137103,Woodland Hills,34.1742965,-118.6015635
137104,Woodland Hills,34.1740855,-118.5841795
137201,Woodland Hills,34.1718335,-118.614082
137301,Woodland Hills,34.1767335,-118.6309385
137302,Woodland Hills,34.177044,-118.6555755
137401,Woodland Hills,34.1582135,-118.612342
137402,Woodland Hills,34.156668,-118.626367
137501,Woodland Hills,34.165383,-118.5752795
137502,Woodland Hills,34.163679,-118.596991
137504,Woodland Hills,34.14705,-118.571596
138000,Woodland Hills,34.1469275,-118.5914025
139001,Encino,34.1752945,-118.509778
139200,Encino,34.175666,-118.5246645
139301,Tarzana,34.1796355,-118.556094
139302,Tarzana,34.1767015,-118.5383655
139303,Tarzana,34.1758345,-118.533412
139401,Tarzana,34.169524,-118.5377675
139402,Tarzana,34.1677675,-118.548778
139502,Encino,34.164742,-118.5254075
139503,Encino,34.1673155,-118.524646
139504,Encino,34.1667565,-118.5203235
139600,Encino,34.1632385,-118.509831
139701,Encino,34.157356,-118.4967075
139702,Encino,34.1430395,-118.504833
139703,Tarzana,34.144623,-118.5319345
139801,Tarzana,34.153124,-118.5451245
139802,Tarzana,34.1453435,-118.5545195
141101,Sherman Oaks,34.1515515,-118.4268665
141102,Sherman Oaks,34.149623,-118.4308415
141201,Sherman Oaks,34.1528925,-118.442632
141202,Sherman Oaks,34.1470205,-118.4426355
141302,Sherman Oaks,34.152885,-118.4630195
141303,Sherman Oaks,34.1550215,-118.4552015
141304,Sherman Oaks,34.151617,-118.454058
141400,Encino,34.1568045,-118.475833
141500,Encino,34.138146,-118.4788925
141600,Sherman Oaks,34.1376705,-118.459396
141700,Sherman Oaks,34.1379545,-118.4378355
143100,Toluca Lake,34.1478525,-118.3563095
143200,Studio City,34.149998,-118.3710665
143300,Studio City,34.1521895,-118.386433
143400,Studio City,34.153987,-118.409486
143500,Studio City,34.146964,-118.4092995
143602,Studio City,34.1449605,-118.387713
143603,Studio City,34.1438535,-118.3703245
143604,Studio City,34.1406405,-118.369959
143700,Hollywood Hills,34.128096,-118.358231
143800,Studio City,34.1343225,-118.3793935
143901,Studio City,34.132849,-118.3947615
143902,Sherman Oaks,34.1378715,-118.418298
181000,Eagle Rock,34.1439045,-118.204552
181300,Eagle Rock,34.1364875,-118.2233065
181400,Eagle Rock,34.1364725,-118.210235
181500,Eagle Rock,34.133864,-118.1922815
181600,Eagle Rock,34.1295685,-118.210156
183101,Highland Park,34.1213355,-118.1819855
183103,Highland Park,34.116165,-118.1748505
183104,Highland Park,34.120221,-118.172802
183220,Highland Park,34.119149,-118.1900895
183221,Highland Park,34.125332,-118.1907195
183222,Eagle Rock,34.128003,-118.1965205
183300,Highland Park,34.1213215,-118.2009575
183401,Highland Park,34.121669,-118.209149
183402,Eagle Rock,34.125651,-118.216654
183510,Highland Park,34.1153125,-118.2025785
183520,Highland Park,34.110558,-118.201548
183610,Highland Park,34.1141535,-118.194381
183620,Highland Park,34.1147205,-118.189487
183701,Highland Park,34.108515,-118.186489
183702,Montecito Heights,34.1047815,-118.184373
183810,Highland Park,34.1074675,-118.198023
183820,Highland Park,34.104337,-118.197538
185100,Mount Washington,34.1047205,-118.211798
185202,Mount Washington,34.0951035,-118.218046
185203,Cypress Park,34.099608,-118.2317465
185204,Mount Washington,34.102575,-118.222414
185310,Cypress Park,34.091851,-118.222215
185320,Cypress Park,34.0883995,-118.2247575
186100,Glassell Park,34.1284265,-118.2296325
186201,Eagle Rock,34.121613,-118.2186485
186202,Glassell Park,34.120163,-118.2240375
186203,Mount Washington,34.1149675,-118.215376
186301,Glassell Park,34.1220355,-118.2414825
186302,Glassell Park,34.1130175,-118.228915
186401,Glassell Park,34.118178,-118.2445025
186403,Glassell Park,34.111287,-118.2393275
186404,Glassell Park,34.1070285,-118.235004
187101,Atwater Village,34.1156225,-118.259303
187102,Elysian Valley,34.100216,-118.2437135
187200,Elysian Valley,34.101728,-118.2488185
187300,Silver Lake,34.101596,-118.257665
188100,Atwater Village,34.137637,-118.270105
188201,Los Feliz,34.112061,-118.2742745
188202,Los Feliz,34.116113,-118.2790375
188300,Atwater Village,34.1203105,-118.2636825
189101,Los Feliz,34.1047355,-118.2885045
189102,Los Feliz,34.113089,-118.2888405
189201,Los Feliz,34.103583,-118.296163
189202,Los Feliz,34.111557,-118.295845
189300,Los Feliz,34.112585,-118.306918
189400,Hollywood Hills,34.120601,-118.3214985
189500,Hollywood Hills,34.109247,-118.3218185
189600,Hollywood Hills,34.1127975,-118.330591
189701,Hollywood Hills,34.129416,-118.3366605
189702,Hollywood Hills,34.1137465,-118.3421255
189800,Hollywood,34.0980545,-118.359927
189902,Hollywood,34.0961785,-118.3490045
189903,Hollywood,34.1026455,-118.34759
189904,Hollywood,34.099793,-118.346538
189905,Hollywood,34.100732,-118.3514465
190100,Hollywood,34.0992315,-118.3421205
190201,Hollywood,34.1034935,-118.330009
190202,Hollywood,34.1033925,-118.335128
190301,Hollywood,34.103533,-118.3178
190401,Los Feliz,34.1035725,-118.302783
190402,Los Feliz,34.103557,-118.307149
190510,Hollywood,34.0999045,-118.3118915
190520,East Hollywood,34.0999325,-118.303805
190700,Hollywood,34.098,-118.332675
190801,Hollywood,34.0943795,-118.3244635
190802,Hollywood,34.094359,-118.3299175
190901,Hollywood,34.094431,-118.3124765
190902,Hollywood,34.0944055,-118.319012
191000,Hollywood,34.1016045,-118.320651
191110,East Hollywood,34.096507,-118.304869
191120,East Hollywood,34.0929955,-118.3048465
191201,East Hollywood,34.0985005,-118.296143
191203,East Hollywood,34.093198,-118.293925
191204,East Hollywood,34.0931035,-118.2982805
191301,East Hollywood,34.092753,-118.286057
191302,East Hollywood,34.0973365,-118.287285
191410,East Hollywood,34.0887575,-118.288114
191420,East Hollywood,34.085129,-118.2880925
191500,East Hollywood,34.0872185,-118.296096
191610,East Hollywood,34.0871475,-118.304811
191620,East Hollywood,34.0877515,-118.3035155
191710,Hollywood,34.0871295,-118.315709
191720,Hollywood,34.0887225,-118.3124455
191810,Hollywood,34.088927,-118.327716
191820,Hollywood,34.0852895,-118.3276995
191901,Hollywood,34.0907325,-118.3386055
191902,Hollywood,34.0836865,-118.338593
192001,Fairfax,34.084605,-118.3484225
192002,Fairfax,34.083696,-118.355049
192300,Hancock Park,34.079664,-118.3286955
192410,Larchmont,34.079853,-118.3180955
192420,Larchmont,34.07987,-118.311338
192510,East Hollywood,34.07989,-118.3068095
192520,East Hollywood,34.079912,-118.302506
192610,East Hollywood,34.0818485,-118.296073
192620,East Hollywood,34.0776705,-118.296054
192700,East Hollywood,34.0799595,-118.2880545
194101,Hollywood Hills West,34.113159,-118.352492
194102,Hollywood Hills West,34.116151,-118.365906
194200,Hollywood Hills West,34.1037495,-118.3746145
194300,Hollywood Hills West,34.102775,-118.3877725
194401,Beverly Grove,34.08455,-118.3641455
194402,Beverly Grove,34.0851935,-118.3719725
194500,Beverly Grove,34.079028,-118.370116
195100,Silver Lake,34.1005075,-118.268184
195201,Los Feliz,34.1079075,-118.2783115
195202,Los Feliz,34.102058,-118.279132
195300,Los Feliz,34.098795,-118.285197
195400,Silver Lake,34.089784,-118.274927
195500,Silver Lake,34.089488,-118.2664995
195600,Echo Park,34.0810905,-118.266765
195710,Echo Park,34.0748915,-118.2684815
195720,Echo Park,34.0738655,-118.2637
195802,Westlake,34.0756415,-118.2780525
195803,Silver Lake,34.0824335,-118.277218
195804,Silver Lake,34.0790005,-118.2729125
195901,Silver Lake,34.0880975,-118.2816585
195902,Silver Lake,34.08661,-118.279689
195903,Silver Lake,34.080591,-118.2818
197200,Elysian Valley,34.0898635,-118.2358515
197300,Echo Park,34.0815145,-118.2517655
197410,Echo Park,34.094369,-118.2512135
197420,Echo Park,34.082834,-118.2561185
197500,Echo Park,34.0729805,-118.256785
197600,Echo Park,34.0683535,-118.251864
197700,Chinatown,34.068935,-118.2444855
199000,Lincoln Heights,34.081284,-118.21934
199110,Montecito Heights,34.0797765,-118.197148
199120,Lincoln Heights,34.0713815,-118.200508
199201,Lincoln Heights,34.076463,-118.211518
199202,Montecito Heights,34.0810735,-118.2029945
199300,Montecito Heights,34.0915875,-118.2007585
199400,Montecito Heights,34.0875695,-118.209014
199700,Lincoln Heights,34.0679435,-118.221008
199800,Lincoln Heights,34.070658,-118.2103495
199900,Lincoln Heights,34.0639545,-118.2104575
201110,El Sereno,34.095485,-118.1746015
201120,El Sereno,34.094111,-118.1626205
201200,El Sereno,34.0890575,-118.177957
201301,Montecito Heights,34.088628,-118.187094
201302,Montecito Heights,34.098103,-118.1841585
201401,El Sereno,34.0809785,-118.18591
201402,El Sereno,34.0686905,-118.188445
201501,El Sereno,34.0872435,-118.1663745
201503,El Sereno,34.0853625,-118.1734105
201504,El Sereno,34.0810995,-118.1730255
201601,El Sereno,34.071752,-118.17646
201602,El Sereno,34.075975,-118.168817
201700,El Sereno,34.068283,-118.1738345
203100,Boyle Heights,34.059408,-118.197818
203200,Boyle Heights,34.0517485,-118.1981725
203300,Boyle Heights,34.059558,-118.205929
203500,Boyle Heights,34.0549495,-118.2212065
203600,Boyle Heights,34.0509745,-118.2085545
203710,Boyle Heights,34.04985,-118.2009955
203720,Boyle Heights,34.046939,-118.203105
203800,Boyle Heights,34.045049,-118.196441
203900,Boyle Heights,34.0342105,-118.195139
204110,Boyle Heights,34.038791,-118.198734
204120,Boyle Heights,34.033887,-118.2011895
204200,Boyle Heights,34.043615,-118.205084
204300,Boyle Heights,34.038738,-118.208061
204410,Boyle Heights,34.046181,-118.214985
204420,Boyle Heights,34.0445335,-118.211622
204600,Boyle Heights,34.036247,-118.2161145
204700,Boyle Heights,34.030962,-118.212412
204810,Boyle Heights,34.028574,-118.2027025
204820,Boyle Heights,34.023785,-118.2058885
204910,Boyle Heights,34.0250545,-118.1964135
204920,Boyle Heights,34.0181175,-118.197122
205110,Boyle Heights,34.0244945,-118.214114
205120,Boyle Heights,34.0191645,-118.2113105
206010,Elysian Park,34.0702965,-118.2318745
206020,Chinatown,34.057696,-118.232064
206031,Downtown,34.0344105,-118.23121
206032,Boyle Heights,34.0473465,-118.2237095
206050,Boyle Heights,34.0290235,-118.2229675
206200,Downtown,34.04707,-118.2428045
206300,Downtown,34.0405235,-118.244262
207101,Downtown,34.0610075,-118.2449835
207102,Chinatown,34.058835,-118.239167
207103,Chinatown,34.0642795,-118.2398345
207301,Downtown,34.0469135,-118.251366
207302,Downtown,34.0474815,-118.2478185
207400,Downtown,34.056393,-118.24561
207501,Downtown,34.0565345,-118.2528675
207502,Downtown,34.0524315,-118.253282
207710,Downtown,34.0467345,-118.2622625
207900,Downtown,34.0403745,-118.260362
208000,Echo Park,34.062852,-118.2552085
208301,Westlake,34.061991,-118.265842
208302,Westlake,34.0634965,-118.26261
208401,Westlake,34.063775,-118.269137
208402,Westlake,34.0682985,-118.265581
208501,Westlake,34.0694385,-118.271932
208502,Westlake,34.0660235,-118.2741745
208610,Westlake,34.071928,-118.280946
208620,Westlake,34.069656,-118.2780295
208710,Westlake,34.065666,-118.282003
208720,Westlake,34.062837,-118.2811225
208801,Westlake,34.0602215,-118.276593
208802,Westlake,34.061881,-118.2785535
208902,Westlake,34.0564435,-118.2723635
208903,Westlake,34.0594445,-118.273509
208904,Westlake,34.059592,-118.270177
209102,Westlake,34.05566,-118.2674565
209103,Westlake,34.0570845,-118.2639395
209104,Westlake,34.058994,-118.2663115
209200,Westlake,34.054276,-118.26086
209300,Westlake,34.0508765,-118.2678705
209401,Westlake,34.0568345,-118.2810775
209402,Westlake,34.0546635,-118.2772135
209403,Westlake,34.0531325,-118.273845
209510,Westlake,34.0530605,-118.281509
209520,Pico-Union,34.050539,-118.2769545
209810,Pico-Union,34.049228,-118.2819155
209820,Pico-Union,34.047197,-118.278215
210010,Pico-Union,34.0467975,-118.2717075
211000,Hancock Park,34.0683115,-118.3326325
211120,Westlake,34.0652025,-118.286978
211121,Westlake,34.0726225,-118.2849265
211122,Koreatown,34.0726525,-118.289233
211201,Koreatown,34.074518,-118.298475
211202,Koreatown,34.074526,-118.2941155
211310,Koreatown,34.0708895,-118.298462
211320,Koreatown,34.0708825,-118.294158
211410,Koreatown,34.0726125,-118.307315
211420,Koreatown,34.072636,-118.302937
211500,Windsor Square,34.0725965,-118.316
211701,Windsor Square,34.0653255,-118.3184645
211703,Koreatown,34.067143,-118.311589
211704,Koreatown,34.0635115,-118.3116385
211802,Koreatown,34.0635375,-118.304729
211803,Koreatown,34.0671885,-118.3022325
211804,Koreatown,34.0671615,-118.3066105
211910,Koreatown,34.067207,-118.2985
211921,Koreatown,34.067232,-118.292902
211922,Koreatown,34.067223,-118.295398
212101,Koreatown,34.0635935,-118.29414
212102,Koreatown,34.0635735,-118.298496
212202,Westlake,34.056368,-118.2879195
212203,Koreatown,34.0597625,-118.290359
212204,Westlake,34.0597755,-118.2861875
212303,Koreatown,34.059763,-118.2935145
212304,Koreatown,34.0597395,-118.2982
212305,Koreatown,34.056107,-118.298204
212306,Koreatown,34.0561295,-118.2940735
212410,Koreatown,34.05971,-118.301987
212420,Koreatown,34.056087,-118.301978
212501,Koreatown,34.0560675,-118.305364
212502,Koreatown,34.0580795,-118.306623
212610,Koreatown,34.0598685,-118.314272
212620,Koreatown,34.0562585,-118.313612
212701,Koreatown,34.0546775,-118.3194445
212702,Mid-Wilshire,34.0575235,-118.3258035
212800,Mid-Wilshire,34.0523625,-118.330411
212900,Arlington Heights,34.0501175,-118.321485
213100,Arlington Heights,34.0508045,-118.3133105
213201,Harvard Heights,34.052656,-118.3044735
213202,Harvard Heights,34.0490315,-118.3045065
213310,Pico-Union,34.0508675,-118.29803
213320,Pico-Union,34.0508855,-118.2937275
213401,Westlake,34.053716,-118.287906
213402,Pico-Union,34.0498995,-118.28787
214000,Fairfax,34.0745805,-118.3486205
214100,Hancock Park,34.074602,-118.339096
214400,Fairfax,34.078166,-118.3573315
214501,Mid-Wilshire,34.070503,-118.357312
214502,Mid-Wilshire,34.0677735,-118.35135
214503,Mid-Wilshire,34.0673015,-118.3536195
214600,Beverly Grove,34.0725795,-118.365913
214700,Beverly Grove,34.0665205,-118.366383
214800,Beverly Grove,34.070088,-118.3732965
214901,Beverly Grove,34.0742895,-118.387219
214902,Beverly Grove,34.073012,-118.379762
215101,Mid-Wilshire,34.063565,-118.3542505
215102,Mid-Wilshire,34.0648495,-118.3456205
216100,Mid-Wilshire,34.0568595,-118.3378575
216200,Mid-Wilshire,34.05688,-118.3480075
216300,Carthay,34.059083,-118.363807
216401,Pico-Robertson,34.0563915,-118.3799175
216402,Pico-Robertson,34.06116,-118.3804405
216700,Mid-City,34.048208,-118.371729
216800,Carthay,34.055507,-118.369996
216900,Mid-City,34.0504795,-118.36321
217001,Pico-Robertson,34.0519395,-118.3873275
217002,Pico-Robertson,34.049649,-118.381096
217100,Mid-Wilshire,34.049342,-118.354404
217200,Mid-Wilshire,34.049375,-118.3418365
218110,Arlington Heights,34.044154,-118.3286425
218120,Arlington Heights,34.0436875,-118.320626
218210,Mid-City,34.043303,-118.3422655
218220,Mid-City,34.043498,-118.334779
218300,Mid-City,34.041276,-118.3549225
218400,Mid-City,34.037613,-118.3607045
218500,Mid-City,34.0375635,-118.3505565
218600,Mid-City,34.037184,-118.3427065
218701,Mid-City,34.0372715,-118.333362
218702,West Adams,34.0327605,-118.335031
218800,Arlington Heights,34.037556,-118.323034
218900,Jefferson Park,34.0331165,-118.3238185
219010,Jefferson Park,34.027596,-118.322938
219020,Jefferson Park,34.021941,-118.3229865
219300,Jefferson Park,34.026962,-118.3316675
219500,Baldwin Hills/Crenshaw,34.0211635,-118.3405655
219700,West Adams,34.028076,-118.347852
219800,West Adams,34.0298385,-118.354579
219901,West Adams,34.0297025,-118.3604535
219902,West Adams,34.0305455,-118.36963
220000,West Adams,34.0276275,-118.3405665
220100,Baldwin Hills/Crenshaw,34.0241755,-118.3664325
221110,Pico-Union,34.0455315,-118.2878625
221120,Pico-Union,34.042054,-118.2878455
221210,Harvard Heights,34.04359,-118.3026265
221220,Pico-Union,34.0436145,-118.2961455
221302,Harvard Heights,34.0417465,-118.3114895
221303,Harvard Heights,34.0453825,-118.308407
221304,Arlington Heights,34.045369,-118.314651
221401,Jefferson Park,34.0339245,-118.3133125
221402,Harvard Heights,34.038279,-118.308985
221500,Adams-Normandie,34.034856,-118.3046185
221601,Adams-Normandie,34.034833,-118.2959055
221602,Pico-Union,34.038415,-118.292179
221710,University Park,34.034366,-118.287757
221810,Adams-Normandie,34.0305765,-118.292359
221820,University Park,34.0305755,-118.286386
221900,University Park,34.0260705,-118.289757
222001,Jefferson Park,34.0282015,-118.3132745
222002,Exposition Park,34.0218995,-118.3135615
222100,Adams-Normandie,34.027317,-118.3024105
222200,Adams-Normandie,34.0309165,-118.302424
222500,Exposition Park,34.021865,-118.3045305
222600,Exposition Park,34.0218365,-118.2958795
222700,University Park,34.020537,-118.2847645
224010,Downtown,34.036945,-118.2655625
224020,Historic South-Central,34.030734,-118.267245
224200,Pico-Union,34.041032,-118.277298
224310,Pico-Union,34.043569,-118.2820315
224320,Pico-Union,34.041517,-118.2804885
224410,University Park,34.0343195,-118.2789565
224420,University Park,34.0318675,-118.2778715
224600,Historic South-Central,34.0223275,-118.2717135
224700,University Park,34.0263755,-118.279223
226001,Historic South-Central,34.0245655,-118.251001
226002,Downtown,34.033429,-118.249304
226410,Historic South-Central,34.0242035,-118.2622875
226420,Historic South-Central,34.021775,-118.2569205
226700,Historic South-Central,34.017615,-118.2623795
227010,Central-Alameda,34.018875,-118.247064
227020,Central-Alameda,34.0161415,-118.2516245
228100,Central-Alameda,34.010118,-118.244922
228210,Central-Alameda,34.010168,-118.2525945
228220,Central-Alameda,34.0065835,-118.2519225
228310,Historic South-Central,34.011872,-118.262852
228320,Historic South-Central,34.007893,-118.263681
228410,Historic South-Central,34.014163,-118.2690345
228420,Historic South-Central,34.00749,-118.270975
228500,South Park,34.003629,-118.2695985
228600,South Park,34.003674,-118.260853
228710,Central-Alameda,33.9993805,-118.2542925
228720,Central-Alameda,33.9993695,-118.2499415
228800,Central-Alameda,33.999104,-118.2430855
228900,Central-Alameda,33.992114,-118.242838
229100,Central-Alameda,33.992164,-118.2520985
229200,South Park,33.99828,-118.260835
229300,South Park,33.998151,-118.269586
229410,South Park,33.9922445,-118.2695665
229420,South Park,33.9925325,-118.2608205
231100,Historic South-Central,34.016069,-118.2760825
231210,Exposition Park,34.014521,-118.2980095
231220,Exposition Park,34.014515,-118.28932
231300,Exposition Park,34.0145435,-118.304539
231400,Exposition Park,34.014552,-118.312994
231500,Vermont Square,34.0072765,-118.310826
231600,Vermont Square,34.00727,-118.2980435
231710,Vermont Square,34.007373,-118.2893345
231720,Vermont Square,34.007429,-118.2840635
231800,Historic South-Central,34.0074525,-118.27748
231900,South Park,33.9996995,-118.277466
232110,Vermont Square,33.9994895,-118.2893225
232120,Vermont Square,33.9997375,-118.28378
232200,Vermont Square,34.0016535,-118.2980375
232300,Vermont Square,33.9975775,-118.29803
232400,Vermont Square,33.999376,-118.310834
232500,Chesterfield Square,33.992088,-118.3107815
232600,Vermont-Slauson,33.9920885,-118.298021
232700,Vermont-Slauson,33.992427,-118.285947
232800,South Park,33.9924525,-118.2771805
234000,Leimert Park,34.011672,-118.322292
234200,Leimert Park,34.016776,-118.331087
234300,Leimert Park,34.007159,-118.3293635
234501,Hyde Park,33.997504,-118.3246435
234502,Hyde Park,34.001849,-118.32479
234600,Hyde Park,33.9926585,-118.327201
234700,Hyde Park,33.987231,-118.327693
234800,Hyde Park,33.9818325,-118.3220865
234901,Hyde Park,33.981784,-118.328655
234902,Hyde Park,33.981753,-118.3346945
235100,Hyde Park,33.9855355,-118.348147
235201,Hyde Park,33.9744985,-118.322127
235202,Hyde Park,33.972711,-118.3308415
236000,Ladera Heights,34.009386,-118.367527
236100,Baldwin Hills/Crenshaw,34.0120535,-118.3418225
236202,Baldwin Hills/Crenshaw,34.0167105,-118.352691
236203,Baldwin Hills/Crenshaw,34.0176365,-118.347316
236204,Baldwin Hills/Crenshaw,34.014877,-118.349074
236400,Baldwin Hills/Crenshaw,34.0049835,-118.349179
237101,Vermont-Slauson,33.9855155,-118.291439
237102,Vermont-Slauson,33.9856665,-118.283741
237201,Vermont-Slauson,33.985727,-118.299118
237202,Chesterfield Square,33.985482,-118.310035
237300,Chesterfield Square,33.978464,-118.3111655
237401,Vermont-Slauson,33.9784655,-118.2947775
237402,Harvard Park,33.978462,-118.3013325
237500,Vermont-Slauson,33.978414,-118.289297
237600,Vermont-Slauson,33.978508,-118.283801
237710,Vermont Knolls,33.972693,-118.28613
237720,Vermont Knolls,33.9692975,-118.286182
237800,Vermont Knolls,33.9709525,-118.298091
237900,Manchester Square,33.970932,-118.311186
238000,Gramercy Park,33.945472,-118.3089905
238100,Manchester Square,33.963625,-118.3111985
238200,Vermont Knolls,33.963641,-118.2981045
238310,Vermont Knolls,33.9660195,-118.2861825
238320,Vermont Knolls,33.962152,-118.2861365
238400,Gramercy Park,33.956361,-118.309005
239201,Florence,33.9857845,-118.277227
239202,Florence,33.985588,-118.265182
239310,Florence,33.9785445,-118.27732
239320,Florence,33.978568,-118.2717375
239330,Florence,33.9785785,-118.262973
239501,Florence,33.9729715,-118.2629705
239502,Florence,33.9693555,-118.262964
239601,Florence,33.972754,-118.2751255
239602,Florence,33.9695945,-118.2751195
239701,Florence,33.9660325,-118.2751155
239702,Florence,33.96229,-118.275105
239801,Florence,33.96606,-118.2629565
239802,Florence,33.962406,-118.2629525
240010,Green Meadows,33.9583205,-118.263794
240020,Green Meadows,33.954224,-118.263804
240200,Broadway-Manchester,33.9559485,-118.2761875
240300,Vermont Vista,33.9564355,-118.2859575
240401,Vermont Vista,33.949905,-118.2854905
240402,Vermont Vista,33.9445585,-118.285496
240500,Broadway-Manchester,33.9469185,-118.275892
240600,Green Meadows,33.946958,-118.2683925
240700,Green Meadows,33.947574,-118.2593445
240800,Green Meadows,33.9385955,-118.261821
240900,Green Meadows,33.9348825,-118.261859
241001,Green Meadows,33.929254,-118.2671865
241002,Green Meadows,33.925538,-118.2615615
241110,Broadway-Manchester,33.936481,-118.271695
241120,Broadway-Manchester,33.9364705,-118.276946
241201,Vermont Vista,33.9402795,-118.2857015
241202,Vermont Vista,33.9333785,-118.2856645
241300,Vermont Vista,33.926092,-118.2860545
241400,Broadway-Manchester,33.925504,-118.275396
242000,Watts,33.9392665,-118.250222
242100,Florence-Firestone,33.945696,-118.2321075
242200,Watts,33.948204,-118.238625
242300,Watts,33.948744,-118.246174
242600,Watts,33.932497,-118.2502625
242700,Watts,33.9363625,-118.242647
243000,Watts,33.938704,-118.2338885
243100,Watts,33.933448,-118.234588
261101,Beverly Hills,34.110602,-118.395214
261102,Beverly Crest,34.1110565,-118.422746
261200,Beverly Crest,34.108261,-118.4432895
262100,Beverly Crest,34.1022655,-118.445475
262200,Bel-Air,34.1015635,-118.468744
262301,Brentwood,34.10129,-118.494583
262302,Brentwood,34.0753195,-118.477468
262303,Brentwood,34.0673175,-118.486919
262400,Brentwood,34.0876735,-118.5072195
262501,Pacific Palisades,34.049658,-118.5202905
262601,Pacific Palisades,34.073806,-118.5567815
262604,Pacific Palisades,34.05192037,-118.5490685
262704,Pacific Palisades,34.0424942,-118.5425851
262706,Pacific Palisades,34.03867557,-118.5269907
262802,Pacific Palisades,34.0430379,-118.5061199
264000,Brentwood,34.0560275,-118.4819375
264102,Brentwood,34.059953,-118.4686465
264103,Brentwood,34.0553735,-118.466128
264301,Brentwood,34.0503875,-118.464617
264302,Brentwood,34.046932,-118.477869
265100,Westwood,34.073502,-118.42787
265201,Westwood,34.067255,-118.4366455
265202,Westwood,34.0617355,-118.4410225
265301,Westwood,34.0709425,-118.4463495
265303,Westwood,34.067264,-118.4533525
265304,Westwood,34.0674805,-118.451101
265305,Westwood,34.0631275,-118.4493085
265410,Brentwood,34.06678,-118.4636105
265420,Westwood,34.070607,-118.4605875
265510,Westwood,34.056185,-118.443321
265520,Westwood,34.0513145,-118.4415325
265601,Westwood,34.0558665,-118.433093
265602,Westwood,34.060621,-118.434347
265700,Westwood,34.0618485,-118.423284
267100,West Los Angeles,34.052737,-118.4245685
267200,West Los Angeles,34.0453165,-118.4373595
267300,Sawtelle,34.045239,-118.449709
267402,Sawtelle,34.042643,-118.465557
267403,Sawtelle,34.047607,-118.4565715
267404,Sawtelle,34.0456605,-118.460472
267501,Sawtelle,34.041347,-118.456076
267502,Sawtelle,34.0373665,-118.4626315
267600,Sawtelle,34.034536,-118.4525605
267700,Sawtelle,34.0387565,-118.444387
267800,West Los Angeles,34.0404165,-118.430463
267901,Century City,34.0567325,-118.413721
267902,West Los Angeles,34.047558,-118.4201495
269000,Cheviot Hills,34.043327,-118.4043575
269100,Pico-Robertson,34.0528745,-118.3952305
269300,Cheviot Hills,34.0402885,-118.414036
269500,Beverlywood,34.0419315,-118.3933555
269601,Mid-City,34.041783,-118.379673
269602,Mid-City,34.043301,-118.384325
269700,Mid-City,34.036058,-118.3859215
269800,Palms,34.0330585,-118.3968355
269903,Palms,34.020876,-118.4064875
269904,Palms,34.0274735,-118.4121435
269905,Palms,34.0217235,-118.4015665
269906,Palms,34.025156,-118.403135
269907,Palms,34.0277405,-118.4066145
270100,Palms,34.026374,-118.395677
270200,Mid-City,34.0329455,-118.380005
270300,Mid-City,34.039747,-118.3704125
271100,Rancho Park,34.034177,-118.427171
271200,Sawtelle,34.031579,-118.4431825
271300,Sawtelle,34.023895,-118.4412965
271400,Mar Vista,34.010017,-118.4474055
271500,Mar Vista,34.01663,-118.4375635
271600,Mar Vista,34.0213795,-118.4310805
271701,Palms,34.0262225,-118.419751
271702,Palms,34.025252,-118.426283
271801,Palms,34.0166435,-118.4181365
271802,Palms,34.0200095,-118.4125875
271901,Mar Vista,34.0137065,-118.424224
271902,Mar Vista,34.009731,-118.4316705
272100,Mar Vista,34.0038595,-118.4422725
272201,Mar Vista,34.000385,-118.434124
272202,Mar Vista,33.9974645,-118.439035
272301,Mar Vista,34.0044305,-118.4228455
272302,Mar Vista,34.0022415,-118.4275865
273100,Venice,34.00358,-118.460606
273200,Venice,33.99686,-118.4672375
273300,Venice,33.9956475,-118.472047
273402,Venice,33.99279828,-118.4770569
273502,Venice,33.98764338,-118.4696387
273600,Venice,33.993484,-118.459266
273700,Venice,33.99869,-118.452731
273800,Venice,33.9935715,-118.4512505
273902,Venice,33.98377459,-118.4640606
274100,Venice,33.9883695,-118.450146
274202,Venice,33.97183937,-118.4601234
275101,Del Rey,33.99916,-118.4045585
275102,Del Rey,33.9978895,-118.4109765
275200,Del Rey,33.9953035,-118.4216305
275302,Del Rey,33.9825085,-118.4328715
275311,Del Rey,33.9886515,-118.4224605
275400,Del Rey,33.9906355,-118.4389485
275500,Del Rey,33.9923405,-118.4142945
275602,Playa Vista,33.9755865,-118.414947
275603,Playa Vista,33.986639,-118.405224
276000,Westchester,33.9702295,-118.386834
276100,Westchester,33.975517,-118.372532
276400,Westchester,33.967988,-118.4089775
276500,Westchester,33.967159,-118.4197785
276601,Westchester,33.9657265,-118.432256
276603,Playa del Rey,33.9562775,-118.437016
276604,Westchester,33.9567545,-118.4244035
277000,Westchester,33.9712845,-118.4009375
277100,Westchester,33.9660065,-118.37815
277200,Westchester,33.952729,-118.381902
277400,Westchester,33.949046,-118.3743515
278001,Westchester,33.955837,-118.4023185
278102,Playa del Rey,33.96269392,-118.4444466
291110,Harbor Gateway,33.920071,-118.2864
291120,Harbor Gateway,33.9127895,-118.286915
291130,Harbor Gateway,33.901689,-118.287002
291210,Harbor Gateway,33.8892885,-118.287175
291220,Harbor Gateway,33.8771105,-118.2864455
291300,Gardena,33.8659415,-118.295352
292000,Harbor Gateway,33.847758,-118.297202
293201,Harbor Gateway,33.831492,-118.3041515
293202,Harbor Gateway,33.8194175,-118.303755
293301,Harbor City,33.8102215,-118.303639
293302,Harbor City,33.802382,-118.304171
293304,Harbor City,33.792616,-118.3043215
293306,Harbor City,33.7829565,-118.303708
293307,Harbor City,33.786479,-118.3043115
294110,Wilmington,33.797961,-118.2592835
294120,Wilmington,33.795656,-118.2471535
294200,Wilmington,33.794846,-118.269301
294301,Wilmington,33.794497,-118.2807785
294302,Wilmington,33.7848645,-118.2793115
294410,Harbor City,33.794186,-118.288934
294421,Harbor City,33.7894135,-118.2958265
294510,Wilmington,33.7865645,-118.271704
294520,Wilmington,33.7868625,-118.2657205
294610,Wilmington,33.787242,-118.2581725
294620,Wilmington,33.78725,-118.2472725
294701,Wilmington,33.7766155,-118.25296
294810,Wilmington,33.779492,-118.271558
294820,Wilmington,33.779804,-118.2655705
294830,Wilmington,33.772277,-118.2673985
294900,Wilmington,33.773417,-118.2779635
295103,San Pedro,33.760268,-118.2968435
296210,San Pedro,33.748135,-118.283727
296220,San Pedro,33.74101,-118.2837425
296300,San Pedro,33.7536825,-118.300135
296401,San Pedro,33.7417575,-118.3143515
296402,San Pedro,33.7455135,-118.303183
296500,San Pedro,33.7480855,-118.2929285
296600,San Pedro,33.739883,-118.292314
296901,San Pedro,33.730163,-118.2945655
296902,San Pedro,33.7351435,-118.2945475
297000,San Pedro,33.7324785,-118.310758
297110,San Pedro,33.7346615,-118.284188
297120,San Pedro,33.727169,-118.284224
297201,San Pedro,33.7247115,-118.2912825
297202,San Pedro,33.724736,-118.299008
297300,San Pedro,33.72072214,-118.3123083
297400,San Pedro,33.7262015,-118.3220603
297500,San Pedro,33.713354,-118.3018828
297601,San Pedro,33.71456779,-118.2879352
297602,San Pedro,33.7162305,-118.2903905
300100,La Crescenta-Montrose,34.240611,-118.235107
300200,La Crescenta-Montrose,34.228725,-118.237835
300301,Glendale,34.248378,-118.2527395
300400,Glendale,34.228257,-118.25731
300501,La Crescenta-Montrose,34.2212985,-118.239588
300502,La Crescenta-Montrose,34.2117495,-118.225292
300600,Glendale,34.2067165,-118.2368375
300701,Glendale,34.202483,-118.2588315
300702,Glendale,34.1907305,-118.2577215
300800,Glendale,34.1850915,-118.219529
300901,Glendale,34.1693925,-118.206797
300902,Glendale,34.155939,-118.203587
301000,Glendale,34.1564305,-118.2329335
301100,Glendale,34.1621815,-118.2441095
301203,Glendale,34.1663435,-118.260688
301204,Glendale,34.161447,-118.2600185
301205,Glendale,34.1683765,-118.2729275
301206,Glendale,34.1633575,-118.2727315
301300,Glendale,34.176451,-118.2701125
301400,Glendale,34.1814725,-118.284689
301501,Glendale,34.17504,-118.2872505
301502,Glendale,34.172168,-118.2889385
301601,Glendale,34.1645725,-118.2882305
301602,Glendale,34.161795,-118.2986075
301701,Glendale,34.1593295,-118.273437
301702,Glendale,34.151432,-118.2700705
301801,Glendale,34.155471,-118.2598255
301802,Glendale,34.1490075,-118.259807
301900,Glendale,34.1558135,-118.2458445
302002,Glendale,34.1490325,-118.24991
302003,Glendale,34.149023,-118.244479
302004,Glendale,34.1489615,-118.2384145
302102,Glassell Park,34.133249,-118.23492
302103,Glendale,34.142623,-118.2376825
302104,Glendale,34.146295,-118.232259
302201,Glendale,34.1444725,-118.248417
302202,Glendale,34.1405075,-118.2484035
302301,Glendale,34.1444275,-118.263652
302302,Glendale,34.1401,-118.2624115
302401,Glendale,34.1301145,-118.2615235
302503,Glendale,34.1375145,-118.2483225
302504,Glendale,34.135946,-118.248378
302505,Glendale,34.1262185,-118.253144
302506,Glendale,34.1289675,-118.246127
310100,Burbank,34.203851,-118.3106535
310201,Burbank,34.1922185,-118.304543
310202,Burbank,34.1870535,-118.2960275
310300,Burbank,34.1994375,-118.318784
310400,Burbank,34.2016605,-118.3363205
310501,Burbank,34.195881,-118.335306
310601,Burbank,34.192266,-118.3277625
310602,Burbank,34.1922805,-118.317686
310701,Burbank,34.185479,-118.3132075
310702,Burbank,34.181163,-118.306755
310703,Burbank,34.1760485,-118.2997335
310800,Burbank,34.1749995,-118.3232165
310900,Burbank,34.1809065,-118.3290175
311000,Burbank,34.185132,-118.343639
311100,Burbank,34.1859125,-118.355053
311200,Burbank,34.1714255,-118.3527755
311300,Burbank,34.173525,-118.342414
311400,Burbank,34.162038,-118.34958
311500,Burbank,34.164754,-118.33837
311600,Burbank,34.152186,-118.3385765
311700,Burbank,34.162039,-118.32085
311801,Burbank,34.166855,-118.3064515
311802,Burbank,34.171265,-118.311263
320000,Universal City,34.137367,-118.352786
320100,San Fernando,34.294876,-118.4273065
320201,San Fernando,34.286111,-118.439691
320202,San Fernando,34.2898305,-118.4343995
320300,San Fernando,34.2823865,-118.44586
400204,La Verne,34.132631,-117.7580945
400205,Claremont,34.1434785,-117.7172025
400206,Claremont,34.130372,-117.718468
400207,La Verne,34.1434075,-117.772268
400302,La Verne,34.114226,-117.7886885
400304,San Dimas,34.1050345,-117.7997755
400402,Glendora,34.1378705,-117.829004
400403,San Dimas,34.141358,-117.793128
400404,Glendora,34.157878,-117.8203355
400501,Glendora,34.163097,-117.865255
400602,Azusa,34.140085,-117.9115945
400603,Azusa,34.151103,-117.918145
400604,Azusa,34.148685,-117.891244
400800,Glendora,34.1379695,-117.8892655
400900,Glendora,34.1360045,-117.876915
401001,Glendora,34.1415235,-117.8527835
401002,Glendora,34.141501,-117.8659045
401101,Glendora,34.1265525,-117.855336
401102,Glendora,34.1305755,-117.8659455
401201,Glendora,34.1232835,-117.833986
401202,San Dimas,34.113742,-117.8332835
401203,Glendora,34.112302,-117.8553975
401303,San Dimas,34.072894,-117.8095715
401304,San Dimas,34.083891,-117.8126045
401311,San Dimas,34.1100455,-117.815531
401312,San Dimas,34.097563,-117.828443
401500,La Verne,34.098039,-117.7787765
401601,La Verne,34.115101,-117.77002
401602,La Verne,34.106283,-117.7649645
401603,La Verne,34.1109685,-117.7780265
401701,Claremont,34.114338,-117.7436235
401703,Pomona,34.1021645,-117.7525045
401704,Pomona,34.1009125,-117.7404545
401800,Claremont,34.114227,-117.7151805
401901,Claremont,34.1004595,-117.708132
401902,Claremont,34.100528,-117.725001
402001,Claremont,34.086732,-117.7257735
402002,Claremont,34.0867415,-117.7119895
402101,Pomona,34.086072,-117.7347815
402102,Pomona,34.0839035,-117.7448405
402200,Pomona,34.083327,-117.768076
402301,Pomona,34.0682985,-117.7690925
402303,Pomona,34.067975,-117.755932
402304,Pomona,34.0613,-117.7678315
402402,Pomona,34.0527815,-117.789834
402403,Pomona,34.0502885,-117.8112175
402404,Pomona,34.052917,-117.81575
402405,Pomona,34.0672095,-117.795189
402406,Pomona,34.0671375,-117.7826425
402501,Pomona,34.0547495,-117.7644575
402502,Pomona,34.0475995,-117.76107
402600,Pomona,34.069537,-117.744427
402702,Pomona,34.064005,-117.726868
402703,Pomona,34.078636,-117.7238995
402705,Pomona,34.0712185,-117.731491
402706,Pomona,34.0713115,-117.7195055
402801,Pomona,34.055632,-117.7336725
402803,Pomona,34.047947,-117.7453955
402804,Pomona,34.0483025,-117.731702
402902,Pomona,34.0337825,-117.7450525
402903,Pomona,34.039196,-117.7326775
402904,Pomona,34.0261665,-117.7384515
403000,Pomona,34.0351895,-117.7611965
403200,Pomona,34.038906,-117.813367
403303,Industry,34.0035495,-117.855921
403304,Rowland Heights,33.9873385,-117.8558965
403305,Diamond Bar,33.976342,-117.84839
403312,Industry,34.017474,-117.82869
403316,Diamond Bar,34.032461,-117.797391
403317,Pomona,34.0373535,-117.7844315
403318,Pomona,34.031796,-117.7630625
403319,Diamond Bar,34.0121545,-117.81493
403320,Diamond Bar,34.0058045,-117.7950645
403321,Diamond Bar,34.0161265,-117.7892785
403322,Diamond Bar,33.992503,-117.8345605
403323,Diamond Bar,33.998459,-117.8235015
403324,Diamond Bar,33.98046,-117.8144505
403325,Diamond Bar,33.965124,-117.8258305
403401,West Covina,34.013924,-117.871149
403402,Walnut,34.017293,-117.856107
403403,Walnut,34.0303525,-117.842746
403404,Walnut,34.028482,-117.854273
403405,Walnut,34.0509005,-117.843913
403406,Walnut,34.044617,-117.8547135
403407,Walnut,34.038589,-117.874477
403408,Walnut,34.024588,-117.881909
403500,Ramona,34.0618395,-117.8491905
403600,Ramona,34.075307,-117.8590715
403702,Covina,34.090948,-117.858411
403703,San Dimas,34.09104,-117.846365
403721,Covina,34.0957595,-117.8769905
403722,Covina,34.088417,-117.872513
403801,Charter Oak,34.103072,-117.8680455
403802,Charter Oak,34.103074,-117.8463645
403901,Glendora,34.120548,-117.8726465
403902,Glendora,34.112599,-117.8726435
404000,Azusa,34.114029,-117.8858165
404100,Citrus,34.1141825,-117.8948275
404201,Azusa,34.127422,-117.8950465
404202,Citrus,34.125068,-117.885748
404301,Azusa,34.1275255,-117.9040845
404302,Azusa,34.117907,-117.9034755
404401,Azusa,34.127055,-117.918436
404402,Azusa,34.122452,-117.922847
404501,Azusa,34.110644,-117.9225005
404503,Vincent,34.110534,-117.9121425
404504,Citrus,34.11051,-117.9033385
404600,Irwindale,34.108944,-117.966677
404701,Baldwin Park,34.07202,-117.996061
404702,Baldwin Park,34.0719255,-117.9838755
404703,Baldwin Park,34.064135,-117.9894555
404801,Baldwin Park,34.077823,-117.978169
404802,Baldwin Park,34.073639,-117.967369
404803,Baldwin Park,34.066904,-117.9657045
404901,Baldwin Park,34.095734,-117.976888
404902,Baldwin Park,34.0866635,-117.9791755
404903,Baldwin Park,34.0874635,-117.9720965
405001,Baldwin Park,34.10311,-117.9665385
405002,Baldwin Park,34.103336,-117.9489975
405101,Baldwin Park,34.0958995,-117.961403
405102,Baldwin Park,34.0883515,-117.961678
405201,Baldwin Park,34.0849785,-117.9522585
405202,Baldwin Park,34.0804875,-117.96285
405203,Baldwin Park,34.076437,-117.956923
405301,Vincent,34.0876105,-117.9415245
405302,West Covina,34.0767645,-117.946434
405400,Vincent,34.09288,-117.9336065
405500,West Covina,34.0794265,-117.928137
405600,West Covina,34.080479,-117.9164905
405701,Vincent,34.0930845,-117.9209895
405702,Covina,34.092311,-117.9121105
405800,Covina,34.103307,-117.9121645
405900,Covina,34.103067,-117.8901905
406000,Covina,34.08987,-117.8989325
406101,Covina,34.090927,-117.8901515
406102,Covina,34.080762,-117.8901315
406200,Covina,34.0790655,-117.8944835
406300,West Covina,34.058745,-117.87651
406402,West Covina,34.0574215,-117.8990455
406411,West Covina,34.0687605,-117.8988995
406412,West Covina,34.0649545,-117.898946
406500,West Covina,34.0666225,-117.919599
406601,West Covina,34.0557305,-117.916683
406602,West Covina,34.0548195,-117.934636
406701,West Covina,34.0554275,-117.9462745
406702,West Covina,34.0638995,-117.9353755
406800,West Covina,34.0629195,-117.953793
406901,West Puente Valley,34.0590435,-117.968603
406902,West Puente Valley,34.056693,-117.964561
407001,West Puente Valley,34.060681,-117.978103
407002,Industry,34.053581,-117.992902
407101,La Puente,34.047535,-117.972437
407102,La Puente,34.0437405,-117.976774
407200,La Puente,34.0334615,-117.9610665
407301,West Puente Valley,34.0454965,-117.9587185
407302,West Puente Valley,34.039506,-117.960844
407400,West Covina,34.0523575,-117.9577655
407501,La Puente,34.04734,-117.948319
407502,Valinda,34.04334,-117.9385445
407601,La Puente,34.0383465,-117.947004
407602,La Puente,34.03063,-117.944401
407701,La Puente,34.0136315,-117.929283
407702,La Puente,34.0206605,-117.947234
407801,Valinda,34.030198,-117.921188
407802,Industry,34.0264515,-117.931011
407900,Valinda,34.041661,-117.9269725
408003,West Covina,34.0452465,-117.9168025
408004,West Covina,34.037498,-117.915708
408005,West Covina,34.0483655,-117.8955145
408006,West Covina,34.034816,-117.9018715
408133,West Covina,34.024356,-117.9101125
408134,West Covina,34.0229315,-117.897437
408135,West Covina,34.0169595,-117.8983025
408136,West Covina,34.009563,-117.874467
408137,South San Jose Hills,34.009108,-117.883356
408138,South San Jose Hills,34.019139,-117.9167095
408139,South San Jose Hills,34.012163,-117.91348
408140,South San Jose Hills,34.0091825,-117.9035275
408141,South San Jose Hills,34.0082915,-117.8946755
408202,Industry,34.021924,-117.9637775
408211,Industry,34.0001605,-117.9097205
408212,Rowland Heights,33.9946135,-117.8795045
408301,Avocado Heights,34.0464555,-117.997756
408302,Industry,34.0386535,-118.018099
408303,Avocado Heights,34.035328,-118.0084775
408401,Hacienda Heights,34.018007,-117.9819095
408402,Hacienda Heights,34.012346,-118.007998
408501,Hacienda Heights,34.011155,-117.9683905
408503,Hacienda Heights,33.984682,-117.985573
408504,Hacienda Heights,33.9992735,-117.971451
408505,Hacienda Heights,34.0016935,-117.980212
408623,Hacienda Heights,33.9957455,-117.9377215
408624,Hacienda Heights,33.9940835,-117.949281
408625,Hacienda Heights,33.989193,-117.9634505
408626,Rowland Heights,33.984523,-117.919022
408627,Rowland Heights,33.9754885,-117.925286
408628,Hacienda Heights,33.9825995,-117.9424605
408629,Hacienda Heights,33.97933,-117.961636
408630,Hacienda Heights,34.006434,-117.9562915
408631,Hacienda Heights,34.0007955,-117.9583205
408703,Rowland Heights,33.960901,-117.8902285
408704,Rowland Heights,33.9807035,-117.8942965
408705,Rowland Heights,33.981461,-117.8780945
408706,Rowland Heights,33.9770295,-117.87052
408722,Rowland Heights,33.9698315,-117.9034445
408723,Rowland Heights,33.977858,-117.901395
408724,Rowland Heights,33.984203,-117.9030725
408800,Pomona,34.0571575,-117.7501715
430002,Duarte,34.13847,-117.953691
430003,Monrovia,34.1682255,-117.942383
430101,Duarte,34.13806,-117.976469
430102,Duarte,34.126938,-117.978573
430200,Bradbury,34.1543995,-117.968573
430301,Monrovia,34.172824,-117.9820805
430302,Monrovia,34.1560235,-118.0059215
430400,Arcadia,34.1624785,-118.0241555
430501,Sierra Madre,34.173047,-118.04891
430502,Sierra Madre,34.161851,-118.0532625
430600,Sierra Madre,34.1573315,-118.0497665
430701,Arcadia,34.13986,-118.0557935
430721,Arcadia,34.137955,-118.0428805
430723,Arcadia,34.1299445,-118.058709
430724,Arcadia,34.126758,-118.058631
430801,Arcadia,34.1375775,-118.0259295
430802,Arcadia,34.126444,-118.020276
430803,Arcadia,34.114675,-118.020923
430901,Monrovia,34.1406955,-118.01286
430902,Monrovia,34.1364995,-118.0127975
431001,Monrovia,34.148164,-118.0057195
431002,Monrovia,34.1455095,-117.983079
431100,Monrovia,34.1351215,-117.9958
431200,Mayflower Village,34.124229,-117.9953005
431300,Mayflower Village,34.1248395,-118.007363
431400,Mayflower Village,34.111617,-118.0087095
431501,Temple City,34.0998655,-118.033
431502,Arcadia,34.1022305,-118.0190775
431600,Arcadia,34.109675,-118.04223
431700,Arcadia,34.121786,-118.0430065
431800,East San Gabriel,34.1196565,-118.060933
431900,Temple City,34.1103835,-118.0601525
432000,Temple City,34.1021645,-118.05255
432101,Temple City,34.095852,-118.0428825
432102,Temple City,34.0920835,-118.0583895
432201,Rosemead,34.0877335,-118.0829205
432202,Rosemead,34.087255,-118.072769
432300,El Monte,34.08602,-118.0440085
432401,El Monte,34.090727,-118.0227495
432402,El Monte,34.0855885,-118.027564
432500,El Monte,34.095687,-118.006679
432601,El Monte,34.082497,-118.014655
432602,El Monte,34.081728,-118.005815
432700,El Monte,34.0757515,-118.034977
432801,El Monte,34.077308,-118.0459705
432802,El Monte,34.07872,-118.0526435
432901,Rosemead,34.076691,-118.071417
432902,Rosemead,34.0795,-118.06021
433101,El Monte,34.0677255,-118.0599025
433102,El Monte,34.0656045,-118.059547
433200,El Monte,34.0683885,-118.035671
433302,El Monte,34.062295,-118.0160455
433304,El Monte,34.07061,-118.020361
433305,El Monte,34.0700755,-118.0125525
433306,El Monte,34.0706755,-118.0077885
433307,El Monte,34.0703895,-118.0062695
433401,El Monte,34.0594255,-118.0425465
433402,El Monte,34.0594235,-118.034921
433403,El Monte,34.0624165,-118.025695
433501,South El Monte,34.057252,-118.066095
433503,South El Monte,34.0554575,-118.0490075
433504,South El Monte,34.0572675,-118.0534915
433601,Rosemead,34.0674675,-118.0749165
433602,South San Gabriel,34.057426,-118.0747145
433700,South El Monte,34.045791,-118.058566
433801,South El Monte,34.0483455,-118.0364625
433802,Whittier Narrows,34.032494,-118.0598455
433901,El Monte,34.058593,-118.019927
433902,El Monte,34.0521205,-118.0255815
434001,El Monte,34.051401,-118.014185
434003,El Monte,34.0462105,-118.022669
434004,South El Monte,34.040226,-118.0317375
460000,Pasadena,34.1774565,-118.0830185
460100,Altadena,34.1912975,-118.1110615
460200,Altadena,34.2009205,-118.136652
460301,Altadena,34.2073225,-118.1562895
460401,Pasadena,34.217813,-118.1788775
460501,La Canada Flintridge,34.2156925,-118.1897915
460502,La Canada Flintridge,34.2051075,-118.1950465
460600,La Canada Flintridge,34.2261145,-118.2193885
460700,La Canada Flintridge,34.1946605,-118.196153
460800,Pasadena,34.163146,-118.1778035
460900,Pasadena,34.176907,-118.162811
461000,Altadena,34.187722,-118.1609895
461100,Altadena,34.1845865,-118.141115
461200,Altadena,34.1801065,-118.113418
461300,Altadena,34.1738235,-118.113483
461400,Pasadena,34.1727525,-118.124329
461501,Pasadena,34.1751325,-118.136805
461502,Pasadena,34.175203,-118.146197
461600,Pasadena,34.161608,-118.1571605
461700,Pasadena,34.160159,-118.162866
461901,Pasadena,34.1537915,-118.149329
461902,Pasadena,34.148899,-118.148574
462001,Pasadena,34.163362,-118.143829
462002,Pasadena,34.163333,-118.148361
462100,Pasadena,34.163369,-118.1369255
462201,Pasadena,34.1548915,-118.136967
462202,Pasadena,34.148926,-118.1369075
462301,Pasadena,34.15491,-118.126929
462302,Pasadena,34.149181,-118.126882
462400,Pasadena,34.163408,-118.1263885
462500,Pasadena,34.1667025,-118.1045445
462600,Pasadena,34.1611715,-118.112295
462700,Pasadena,34.1519795,-118.1138535
462800,Pasadena,34.152173,-118.103306
462900,Pasadena,34.153862,-118.0899055
463000,Pasadena,34.154951,-118.075158
463101,East Pasadena,34.140347,-118.070446
463102,Pasadena,34.137723,-118.083735
463200,Pasadena,34.138754,-118.088815
463300,San Pasqual,34.1392215,-118.1028395
463400,San Pasqual,34.139062,-118.1101745
463500,Pasadena,34.137879,-118.1268055
463601,Pasadena,34.140861,-118.1368515
463602,Pasadena,34.1408065,-118.1458915
463700,Pasadena,34.139994,-118.1590535
463800,Pasadena,34.13445,-118.1753385
463900,Pasadena,34.1298475,-118.159162
464000,Pasadena,34.126583,-118.1390375
464100,San Marino,34.1211415,-118.123201
464200,San Marino,34.125398,-118.098356
480002,East San Gabriel,34.121451,-118.086002
480011,East San Gabriel,34.125885,-118.0749615
480012,East San Gabriel,34.118664,-118.074084
480101,Temple City,34.1084905,-118.0732765
480102,East San Gabriel,34.108457,-118.0841215
480201,San Gabriel,34.1079865,-118.1118095
480202,San Gabriel,34.108893,-118.097545
480302,Alhambra,34.101241,-118.1218435
480303,Alhambra,34.095151,-118.1377285
480304,Alhambra,34.0960955,-118.1307685
480400,Alhambra,34.104914,-118.1317765
480500,South Pasadena,34.1074225,-118.14498
480600,South Pasadena,34.118849,-118.1584545
480702,South Pasadena,34.1055515,-118.168678
480703,South Pasadena,34.1072095,-118.1642505
480704,South Pasadena,34.107212,-118.15331
480802,Alhambra,34.0815825,-118.152446
480803,Alhambra,34.09079,-118.152819
480804,Alhambra,34.0951305,-118.149912
480901,Alhambra,34.086204,-118.139781
480902,Alhambra,34.0810405,-118.140708
480903,Alhambra,34.0737895,-118.139436
481001,Alhambra,34.0872925,-118.1288355
481002,Alhambra,34.0955445,-118.1197875
481101,San Gabriel,34.098345,-118.106683
481102,San Gabriel,34.099347,-118.0936455
481103,San Gabriel,34.0936045,-118.099964
481201,Temple City,34.0971335,-118.0724615
481202,San Gabriel,34.097006,-118.0822805
481300,Rosemead,34.0764075,-118.082131
481401,San Gabriel,34.0840215,-118.103956
481402,San Gabriel,34.083295,-118.091542
481500,Alhambra,34.0826165,-118.1139805
481603,Alhambra,34.084677,-118.11998
481604,Alhambra,34.0838015,-118.126219
481605,Alhambra,34.071948,-118.1256005
481606,Alhambra,34.0766865,-118.1256875
481711,Monterey Park,34.06617,-118.1198595
481712,Monterey Park,34.067109,-118.112061
481713,Monterey Park,34.067948,-118.1292845
481714,Monterey Park,34.0643065,-118.1291595
481800,Alhambra,34.064906,-118.141417
481901,Alhambra,34.0698145,-118.1548085
481902,Alhambra,34.065728,-118.152909
482001,Monterey Park,34.0532565,-118.157103
482002,Monterey Park,34.048942,-118.1497955
482101,Monterey Park,34.057061,-118.1362945
482102,Monterey Park,34.0507125,-118.1328745
482201,Monterey Park,34.058869,-118.122138
482202,Monterey Park,34.0589445,-118.112421
482301,San Gabriel,34.074531,-118.097677
482303,Rosemead,34.0692775,-118.099254
482304,Rosemead,34.064429,-118.0988995
482401,Rosemead,34.0676445,-118.0862325
482402,South San Gabriel,34.046139,-118.0807005
482502,Rosemead,34.058981,-118.1037825
482503,Rosemead,34.05827,-118.094998
482521,South San Gabriel,34.0499085,-118.0992635
482522,Montebello,34.0419995,-118.0936075
482600,Monterey Park,34.047759,-118.1144605
482701,Monterey Park,34.039961,-118.1405695
482702,Monterey Park,34.042508,-118.1351495
482800,Monterey Park,34.0362975,-118.1119885
500100,La Habra Heights,33.960283,-117.9408845
500201,La Habra Heights,33.957535,-117.9759805
500202,Whittier,33.960745,-117.9971245
500300,North Whittier,34.017294,-118.0367865
500402,Pico Rivera,34.0031865,-118.076325
500403,Pico Rivera,34.0083875,-118.06369
500404,Pico Rivera,34.014082,-118.074022
500500,Pico Rivera,34.0153955,-118.083676
500600,Pico Rivera,34.0076875,-118.088568
500700,Pico Rivera,33.99491,-118.097667
500800,Pico Rivera,33.984009,-118.0868995
500900,Pico Rivera,33.99359,-118.0809535
501001,West Whittier-Los Nietos,33.9892345,-118.070456
501002,West Whittier-Los Nietos,33.982215,-118.0614895
501200,Whittier,33.999254,-118.0632375
501300,Whittier,33.9921455,-118.0545255
501400,Whittier,33.9809005,-118.0496115
501501,Whittier,34.002062,-118.0303905
501503,Whittier,33.986326,-118.0361225
501504,Whittier,33.979089,-118.0361445
501600,Whittier,33.9783585,-118.0077355
501700,Whittier,33.961379,-118.0189855
501802,Whittier,33.966778,-118.0280925
501803,Whittier,33.970589,-118.042077
501804,Whittier,33.9692905,-118.035006
501900,Whittier,33.956138,-118.02683
502003,Whittier,33.963017,-118.0392825
502004,Whittier,33.961402,-118.0467605
502005,South Whittier,33.951895,-118.03503
502100,West Whittier-Los Nietos,33.972572,-118.052838
502200,West Whittier-Los Nietos,33.9780945,-118.071607
502301,West Whittier-Los Nietos,33.9679585,-118.0797315
502302,West Whittier-Los Nietos,33.965715,-118.069052
502401,Pico Rivera,33.9762075,-118.0967975
502402,Pico Rivera,33.973095,-118.0895215
502500,Pico Rivera,33.976373,-118.1099205
502601,Pico Rivera,33.959833,-118.0946655
502602,Pico Rivera,33.965021,-118.1030955
502700,Santa Fe Springs,33.956004,-118.072116
502801,Santa Fe Springs,33.9400455,-118.0896085
502802,Santa Fe Springs,33.9311015,-118.0697865
502901,South Whittier,33.9461085,-118.03893
502902,South Whittier,33.944162,-118.0517005
503000,South Whittier,33.9243145,-118.0508065
503103,South Whittier,33.92885,-118.0410545
503104,South Whittier,33.9212825,-118.041571
503105,South Whittier,33.9256065,-118.033586
503106,South Whittier,33.922533,-118.0218275
503201,South Whittier,33.9319075,-118.0270415
503202,South Whittier,33.9392895,-118.0352025
503301,Whittier,33.9478135,-118.0159295
503302,South Whittier,33.9410585,-118.021431
503401,Whittier,33.9360445,-117.984812
503402,Whittier,33.9411175,-118.0019365
503501,South Whittier,33.9331195,-118.0126825
503502,South Whittier,33.931968,-118.000853
503601,La Mirada,33.9226515,-118.012887
503602,La Mirada,33.9135745,-118.0030245
503701,East La Mirada,33.9274675,-117.9953465
503702,East La Mirada,33.9235475,-117.985447
503703,La Mirada,33.9100105,-117.985431
503802,La Mirada,33.8968395,-118.0030395
503901,La Mirada,33.8905285,-118.0057775
503902,La Mirada,33.887924,-118.015935
504001,La Mirada,33.9077145,-118.015603
504002,La Mirada,33.908827,-118.0235205
504101,La Mirada,33.9097585,-118.033532
504102,Norwalk,33.8999125,-118.0464285
530003,Montebello,34.029354,-118.088905
530004,Montebello,34.0224325,-118.089527
530005,Monterey Park,34.0283005,-118.1077475
530006,Montebello,34.0207055,-118.113921
530101,Montebello,34.011949,-118.1001695
530102,Montebello,34.015395,-118.1155185
530202,Montebello,34.0246365,-118.1367445
530203,Montebello,34.027157,-118.1272475
530204,Montebello,34.0186495,-118.128521
530301,East Los Angeles,34.028934,-118.154748
530302,East Los Angeles,34.0277915,-118.1481645
530400,Monterey Park,34.0388015,-118.153189
530500,East Los Angeles,34.038762,-118.165861
530601,East Los Angeles,34.053217,-118.1753095
530602,East Los Angeles,34.0539625,-118.171816
530700,East Los Angeles,34.058801,-118.1809405
530801,East Los Angeles,34.050936,-118.187759
530802,East Los Angeles,34.052195,-118.1814815
530901,East Los Angeles,34.0432735,-118.1886005
530902,East Los Angeles,34.0457515,-118.181252
531000,East Los Angeles,34.040998,-118.17345
531101,East Los Angeles,34.0358385,-118.18847
531102,East Los Angeles,34.036199,-118.1810015
531201,East Los Angeles,34.0303095,-118.186239
531202,East Los Angeles,34.026127,-118.186209
531301,East Los Angeles,34.0206815,-118.1830935
531302,East Los Angeles,34.015861,-118.1840735
531502,East Los Angeles,34.0195495,-118.1704775
531503,East Los Angeles,34.0294235,-118.1749085
531504,East Los Angeles,34.027883,-118.167411
531602,East Los Angeles,34.018128,-118.1643695
531603,East Los Angeles,34.029538,-118.1615365
531604,East Los Angeles,34.0238505,-118.1624395
531701,East Los Angeles,34.0216845,-118.152093
531702,East Los Angeles,34.015819,-118.159798
531800,East Los Angeles,34.0189945,-118.137963
531901,East Los Angeles,34.013511,-118.142268
531902,East Los Angeles,34.0120805,-118.1324565
532001,Montebello,34.0054385,-118.1232295
532002,Montebello,34.0034945,-118.117795
532101,Montebello,34.004803,-118.1053765
532102,Montebello,33.997581,-118.111544
532200,Montebello,33.986732,-118.1227795
532302,Commerce,34.0092975,-118.1758795
532303,Commerce,34.0026595,-118.1485105
532304,Commerce,33.985628,-118.152339
532400,Vernon,33.999365,-118.205749
532500,Huntington Park,33.9902755,-118.221448
532603,Huntington Park,33.98445,-118.234062
532604,Huntington Park,33.9842465,-118.229001
532605,Huntington Park,33.984243,-118.225147
532606,Huntington Park,33.983227,-118.2208325
532700,Florence-Firestone,33.9849455,-118.2418305
532800,Florence-Firestone,33.9862165,-118.252074
532900,Florence-Firestone,33.9790945,-118.2520505
533001,Florence-Firestone,33.980225,-118.2455
533002,Huntington Park,33.9775735,-118.238836
533103,Huntington Park,33.976994,-118.2315295
533104,Huntington Park,33.976533,-118.224446
533105,Huntington Park,33.98286,-118.2164205
533106,Huntington Park,33.979082,-118.2173905
533107,Huntington Park,33.9743625,-118.215372
533201,Huntington Park,33.9819865,-118.208027
533202,Huntington Park,33.978495,-118.2088
533203,Huntington Park,33.9742045,-118.2080885
533300,Maywood,33.9924535,-118.202177
533401,Maywood,33.9937625,-118.193039
533402,Maywood,33.989879,-118.195177
533403,Maywood,33.9879095,-118.186593
533501,Huntington Park,33.9855105,-118.200384
533502,Huntington Park,33.985033,-118.194854
533503,Huntington Park,33.9846865,-118.191065
533601,Bell,33.9803325,-118.194495
533602,Bell,33.9771245,-118.1965575
533603,Bell,33.972372,-118.196797
533701,Maywood,33.9893075,-118.181887
533702,Maywood,33.983567,-118.1827375
533703,Maywood,33.984506,-118.1733515
533803,Bell,33.9748395,-118.1829185
533804,Bell,33.975134,-118.179113
533805,Bell,33.97456,-118.17528
533806,Bell,33.9673165,-118.171871
533901,Bell Gardens,33.9729615,-118.1563865
533902,Bell Gardens,33.968132,-118.154518
534001,Bell Gardens,33.9676565,-118.147259
534002,Bell Gardens,33.9670875,-118.139073
534101,Bell Gardens,33.971262,-118.166111
534102,Bell Gardens,33.9705995,-118.161146
534201,Bell Gardens,33.9584335,-118.167006
534202,Bell Gardens,33.958316,-118.159746
534203,Bell Gardens,33.956936,-118.154162
534301,Cudahy,33.959614,-118.1868985
534302,Cudahy,33.9583695,-118.1756955
534403,Cudahy,33.9672875,-118.1979385
534404,Cudahy,33.966232,-118.190553
534405,Cudahy,33.9663705,-118.183009
534406,Cudahy,33.9647425,-118.1749915
534501,Huntington Park,33.967728,-118.2076625
534502,Huntington Park,33.966782,-118.198765
534700,Walnut Park,33.968297,-118.2147665
534802,Walnut Park,33.9711215,-118.2213815
534803,Walnut Park,33.9697565,-118.224228
534804,Walnut Park,33.963155,-118.226586
534900,Florence-Firestone,33.9699765,-118.236756
535001,Florence-Firestone,33.971394,-118.2531335
535002,Florence-Firestone,33.971089,-118.24658
535101,Florence-Firestone,33.964088,-118.24764
535102,Florence-Firestone,33.959393,-118.2495725
535200,Florence-Firestone,33.949899,-118.24958
535300,Florence-Firestone,33.9621925,-118.236445
535400,Florence-Firestone,33.9537225,-118.2359285
535501,South Gate,33.9614045,-118.2221395
535502,South Gate,33.9615415,-118.215306
535503,South Gate,33.955245,-118.2144695
535603,South Gate,33.956718,-118.223912
535604,South Gate,33.950341,-118.224549
535605,South Gate,33.948773,-118.2165205
535606,South Gate,33.947871,-118.224586
535607,South Gate,33.941773,-118.221212
535701,South Gate,33.9601865,-118.2041425
535702,South Gate,33.954266,-118.205026
535802,South Gate,33.9406675,-118.207837
535803,South Gate,33.948089,-118.210065
535804,South Gate,33.9474505,-118.2031045
535901,South Gate,33.9462855,-118.194686
535902,South Gate,33.939464,-118.19578
536000,South Gate,33.9555625,-118.1907775
536102,South Gate,33.9417295,-118.1663085
536103,South Gate,33.9433725,-118.1851725
536104,South Gate,33.9442965,-118.1784495
536200,South Gate,33.920337,-118.1664535
540000,Lynwood,33.9217835,-118.182427
540101,Lynwood,33.929643,-118.190329
540102,Lynwood,33.9230905,-118.194295
540201,South Gate,33.9409795,-118.2135415
540202,Lynwood,33.93377,-118.2059775
540203,Lynwood,33.9268815,-118.2045025
540300,Lynwood,33.9340825,-118.219672
540400,Watts,33.93316,-118.228254
540501,Lynwood,33.9238845,-118.2198235
540502,Lynwood,33.916178,-118.213576
540600,Willowbrook,33.924654,-118.23355
540700,Willowbrook,33.9246715,-118.2466135
540800,Compton,33.916466,-118.2521395
540901,Willowbrook,33.919847,-118.273685
540902,Willowbrook,33.9091615,-118.2737495
541001,West Compton,33.8937145,-118.2742165
541002,Carson,33.8743895,-118.273635
541100,West Compton,33.8979975,-118.2603865
541200,Compton,33.909725,-118.2537435
541300,Compton,33.911067,-118.243046
541400,Willowbrook,33.912905,-118.2332065
541500,Willowbrook,33.9141525,-118.227834
541603,Compton,33.913246,-118.222482
541604,Compton,33.908019,-118.211611
541605,Compton,33.8997425,-118.208951
541606,Compton,33.899695,-118.218413
541700,Lynwood,33.9178175,-118.202112
541801,Lynwood,33.912196,-118.1945165
541802,Lynwood,33.9098975,-118.186707
542000,Compton,33.9059635,-118.202869
542103,East Compton,33.901361,-118.196443
542104,Compton,33.9011455,-118.1905805
542105,Compton,33.894058,-118.198844
542106,Compton,33.8925035,-118.1877645
542200,Compton,33.8852555,-118.1971175
542401,Compton,33.892326,-118.2110415
542402,Compton,33.881026,-118.211839
542501,Compton,33.892216,-118.236106
542502,Compton,33.8922755,-118.22747
542601,Compton,33.90616,-118.226784
542602,Compton,33.899639,-118.226136
542700,Compton,33.9013835,-118.2371125
542800,Compton,33.899566,-118.247761
542900,Compton,33.892125,-118.244456
543000,Compton,33.890904,-118.258515
543100,Carson,33.8808295,-118.2532615
543201,Compton,33.884614,-118.234353
543202,Compton,33.8809455,-118.2326515
543304,Carson,33.8523695,-118.241227
543305,Rancho Dominguez,33.8607495,-118.2185895
543306,Carson,33.8365455,-118.243931
543321,Carson,33.8656315,-118.2505645
543322,Carson,33.852461,-118.257305
543400,Carson,33.853193,-118.273818
543501,Carson,33.842811,-118.283295
543502,West Carson,33.840945,-118.292062
543503,West Carson,33.833228,-118.2925675
543601,Carson,33.8216445,-118.2813545
543602,West Carson,33.8167325,-118.2932245
543603,West Carson,33.805408,-118.2929415
543604,Carson,33.8083,-118.282031
543701,Carson,33.821584,-118.2698445
543702,Carson,33.8135545,-118.2695935
543703,Carson,33.803436,-118.269744
543801,Carson,33.8424445,-118.271881
543802,Carson,33.829768,-118.270758
543903,Carson,33.8318165,-118.2525685
543905,Carson,33.8143925,-118.2531835
544001,Carson,33.8395345,-118.2156975
544002,Carson,33.832284,-118.216995
550000,Norwalk,33.9234905,-118.068203
550100,Norwalk,33.924378,-118.0751925
550201,Norwalk,33.926559,-118.085166
550202,Norwalk,33.923226,-118.0904465
550300,Norwalk,33.924951,-118.0999545
550400,Downey,33.93789,-118.0979355
550500,Downey,33.949951,-118.1052355
550601,Downey,33.961915,-118.11743
550602,Downey,33.955599,-118.122617
550700,Downey,33.9637035,-118.131132
550800,Downey,33.95184,-118.144318
550901,Downey,33.942018,-118.129037
550902,Downey,33.9476205,-118.1254215
551000,Downey,33.93758,-118.112064
551101,Downey,33.925198,-118.1271705
551102,Downey,33.9263085,-118.117121
551201,Downey,33.928125,-118.1453215
551202,Downey,33.924546,-118.1381015
551300,Downey,33.935437,-118.1338245
551401,Downey,33.943543,-118.1557035
551402,Downey,33.941069,-118.145972
551501,Downey,33.935499,-118.1570615
551502,Downey,33.9271955,-118.152565
551600,Downey,33.925708,-118.162308
551700,Downey,33.9172545,-118.147362
551800,Downey,33.9130225,-118.126126
551900,Norwalk,33.9095205,-118.105257
552001,Norwalk,33.9118045,-118.0950135
552002,Norwalk,33.9127735,-118.0864385
552100,Norwalk,33.9060395,-118.0880175
552200,Norwalk,33.9096145,-118.071753
552301,Norwalk,33.911254,-118.0643675
552302,Norwalk,33.907394,-118.0581555
552400,Norwalk,33.8980945,-118.0517475
552601,Norwalk,33.8913085,-118.0776385
552602,Norwalk,33.8913005,-118.0641375
552700,Norwalk,33.898588,-118.073231
552800,Norwalk,33.8984565,-118.091186
552900,Norwalk,33.8911535,-118.0911425
553000,Norwalk,33.8944915,-118.104017
553100,Bellflower,33.889421,-118.1127025
553200,Bellflower,33.905905,-118.121044
553300,Bellflower,33.9034715,-118.1384935
553400,Downey,33.9080855,-118.147922
553502,Paramount,33.9000805,-118.151439
553503,Paramount,33.9130005,-118.153897
553504,Downey,33.907683,-118.153012
553601,Paramount,33.9075065,-118.1698565
553602,Paramount,33.9088955,-118.1644655
553701,Paramount,33.9043765,-118.1808955
553702,Paramount,33.8963275,-118.1827705
553801,Paramount,33.892694,-118.16875
553802,Paramount,33.8872045,-118.1740865
553901,Paramount,33.892811,-118.1513965
553902,Paramount,33.8844935,-118.15349
554001,Bellflower,33.898299,-118.1330425
554002,Bellflower,33.891191,-118.1340245
554101,Bellflower,33.8926795,-118.123279
554103,Bellflower,33.899347,-118.1209575
554104,Bellflower,33.8930155,-118.1193115
554105,Bellflower,33.8855435,-118.1212725
554201,Bellflower,33.883853,-118.1382725
554203,Bellflower,33.880274,-118.1244275
554204,Bellflower,33.8856885,-118.126066
554301,Bellflower,33.8831365,-118.146945
554302,Bellflower,33.872983,-118.1469185
554403,Bellflower,33.873679,-118.1382425
554404,Bellflower,33.8736955,-118.1295155
554405,Bellflower,33.8737165,-118.121205
554406,Bellflower,33.8730215,-118.1121225
554511,Cerritos,33.8805125,-118.0376605
554512,Cerritos,33.8767845,-118.055207
554513,Cerritos,33.8839755,-118.068399
554514,Cerritos,33.873113,-118.0718865
554515,Cerritos,33.8532505,-118.077109
554516,Cerritos,33.85597,-118.067815
554517,Cerritos,33.8625445,-118.054959
554518,Cerritos,33.8660225,-118.037583
554519,Cerritos,33.8524445,-118.0548455
554521,Cerritos,33.872872,-118.0975195
554522,Cerritos,33.8521495,-118.092538
554600,Norwalk,33.8830775,-118.0889585
554700,Norwalk,33.884038,-118.075438
554801,Artesia,33.876682,-118.0829655
554802,Artesia,33.8693975,-118.080643
554900,Artesia,33.8596135,-118.079953
555001,Lakewood,33.8439845,-118.09042
555002,Lakewood,33.834986,-118.088393
555102,Lakewood,33.838749,-118.0769775
555103,Lakewood,33.842454,-118.0655045
555104,Lakewood,33.835133,-118.0655175
555202,Long Beach,33.8213105,-118.0725155
555211,Hawaiian Gardens,33.8272315,-118.077266
555212,Hawaiian Gardens,33.8268485,-118.067621
570001,Lakewood,33.863656,-118.116728
570002,Lakewood,33.8646595,-118.1294745
570003,Lakewood,33.8646165,-118.1402795
570100,Long Beach,33.864586,-118.153281
570202,Long Beach,33.8798935,-118.1781265
570203,Long Beach,33.878324,-118.159982
570204,Long Beach,33.871521,-118.15561
570301,Long Beach,33.8721785,-118.1905275
570303,Long Beach,33.8606765,-118.191717
570304,Long Beach,33.8571235,-118.1933885
570402,Long Beach,33.8678635,-118.1977305
570403,Long Beach,33.877836,-118.2047045
570404,Long Beach,33.8770965,-118.1969205
570501,Long Beach,33.8682535,-118.1795615
570502,Long Beach,33.867406,-118.167641
570601,Long Beach,33.8563635,-118.1810925
570602,Long Beach,33.855556,-118.172465
570603,Long Beach,33.857059,-118.1620535
570701,Lakewood,33.853702,-118.151119
570702,Lakewood,33.850709,-118.1594625
570800,Lakewood,33.8535065,-118.1337395
570901,Lakewood,33.852278,-118.1081355
570902,Lakewood,33.8536735,-118.120748
571000,Lakewood,33.8395,-118.100555
571101,Lakewood,33.8432775,-118.1163045
571102,Lakewood,33.835982,-118.1163515
571200,Long Beach,33.839673,-118.133678
571300,Lakewood,33.8397455,-118.149794
571400,Lakewood,33.8335705,-118.158431
571502,Long Beach,33.841848,-118.1845175
571503,Long Beach,33.847923,-118.1706255
571504,Long Beach,33.8397365,-118.1703035
571600,Long Beach,33.8495635,-118.18101
571701,Long Beach,33.850557,-118.2002135
571703,Long Beach,33.8490335,-118.1920015
571704,Long Beach,33.849558,-118.185987
571800,Long Beach,33.8349725,-118.19689
571900,Long Beach,33.834097,-118.1768285
572001,Long Beach,33.822661,-118.1761875
572002,Long Beach,33.8228135,-118.1928235
572100,Long Beach,33.825389,-118.200738
572201,Long Beach,33.815305,-118.195057
572202,Long Beach,33.8080025,-118.193957
572301,Long Beach,33.8185705,-118.2180885
572302,Long Beach,33.81528,-118.2103735
572400,Long Beach,33.8226965,-118.210521
572500,Long Beach,33.8168,-118.2184415
572600,Long Beach,33.8081255,-118.213883
572700,Long Beach,33.800743,-118.212552
572800,Long Beach,33.7971505,-118.2214735
572900,Long Beach,33.793533,-118.210846
573002,Long Beach,33.7934865,-118.1915465
573003,Long Beach,33.7935335,-118.202413
573004,Long Beach,33.7934855,-118.196468
573100,Long Beach,33.8007525,-118.197379
573201,Long Beach,33.8007765,-118.185019
573202,Long Beach,33.7934875,-118.185022
573300,Long Beach,33.7948965,-118.1741585
573401,Long Beach,33.81157,-118.1783155
573402,Signal Hill,33.800741,-118.169241
573403,Long Beach,33.7971065,-118.1586315
573601,Long Beach,33.8256225,-118.1353035
573700,Long Beach,33.825622,-118.107714
573800,Long Beach,33.825582,-118.1003275
574000,Long Beach,33.8146265,-118.1024205
574100,Long Beach,33.814659,-118.1216115
574201,Long Beach,33.8032905,-118.1296265
574202,Long Beach,33.801528,-118.1426875
574300,Long Beach,33.799618,-118.116615
574400,Long Beach,33.8029685,-118.102423
574500,Long Beach,33.7850495,-118.09909
574601,Long Beach,33.781883,-118.1157115
574602,Long Beach,33.7778535,-118.1077455
574700,Long Beach,33.778316,-118.118802
574800,Long Beach,33.7825585,-118.1276545
574901,Long Beach,33.7912135,-118.125115
574902,Long Beach,33.790025,-118.1383855
575001,Long Beach,33.794735,-118.147801
575002,Long Beach,33.7864875,-118.1413935
575101,Long Beach,33.788888,-118.162196
575102,Long Beach,33.7844105,-118.1621985
575103,Long Beach,33.786195,-118.153483
575201,Long Beach,33.786226,-118.1763345
575202,Long Beach,33.78623,-118.170894
575300,Long Beach,33.786223,-118.185031
575401,Long Beach,33.7863985,-118.199662
575402,Long Beach,33.786223,-118.1915435
575500,Long Beach,33.7864955,-118.216506
575801,Long Beach,33.7789725,-118.202434
575802,Long Beach,33.7789625,-118.197209
575803,Long Beach,33.778964,-118.1937175
575901,Long Beach,33.7731395,-118.2018035
575902,Long Beach,33.7723135,-118.195205
576001,Long Beach,33.7607185,-118.1929295
576200,Long Beach,33.7722415,-118.18653
576301,Long Beach,33.7789675,-118.1886975
576302,Long Beach,33.7789715,-118.1828485
576401,Long Beach,33.778975,-118.178504
576402,Long Beach,33.778975,-118.174161
576403,Long Beach,33.7789755,-118.1698145
576501,Long Beach,33.7722045,-118.179118
576502,Long Beach,33.7718495,-118.174028
576503,Long Beach,33.7716165,-118.1698205
576601,Long Beach,33.7652045,-118.1796705
576700,Long Beach,33.76441139,-118.1605362
576801,Long Beach,33.7714375,-118.164174
576802,Long Beach,33.7717065,-118.1578605
576901,Long Beach,33.7789715,-118.1643805
576903,Long Beach,33.7807795,-118.1567715
576904,Long Beach,33.777152,-118.157318
577000,Long Beach,33.7789585,-118.137556
577100,Long Beach,33.7707995,-118.148066
577200,Long Beach,33.76191605,-118.1491539
577300,Long Beach,33.75766847,-118.1383438
577400,Long Beach,33.762243,-118.135091
577501,Long Beach,33.7547985,-118.1215115
577504,Long Beach,33.75077078,-118.1235076
577602,Long Beach,33.7691845,-118.113192
577603,Long Beach,33.7674355,-118.128335
577604,Long Beach,33.7541115,-118.106384
599000,Avalon,33.343563,-118.3300478
600100,Westmont,33.9546155,-118.2959315
600201,Westmont,33.948816,-118.2970355
600202,Westmont,33.942687,-118.300322
600302,Westmont,33.935471,-118.304648
600303,Westmont,33.935475,-118.2982525
600304,Westmont,33.9354725,-118.2940895
600400,Westmont,33.938071,-118.3133435
600501,Inglewood,33.9344525,-118.3220685
600502,Inglewood,33.928157,-118.3297925
600601,Inglewood,33.941846,-118.3220505
600602,Inglewood,33.941607,-118.3307755
600702,Inglewood,33.951115,-118.330824
600703,Inglewood,33.958129,-118.336911
600704,Inglewood,33.9561975,-118.3242245
600801,Inglewood,33.9654475,-118.3221555
600802,Inglewood,33.9671535,-118.335259
600902,Inglewood,33.971193,-118.3519265
600911,Inglewood,33.978118,-118.3523905
600912,Inglewood,33.97589,-118.3417805
601001,Inglewood,33.9640175,-118.3486425
601002,Inglewood,33.9571955,-118.348273
601100,Inglewood,33.949083,-118.3482325
601202,Inglewood,33.949072,-118.357022
601211,Inglewood,33.962523,-118.357524
601212,Inglewood,33.956087,-118.356869
601301,Inglewood,33.9789525,-118.3639195
601302,Inglewood,33.9702715,-118.3630945
601303,Inglewood,33.973991,-118.3621355
601401,Inglewood,33.9594575,-118.3702315
601402,Inglewood,33.951015,-118.3656995
601501,Lennox,33.943628,-118.363495
601502,Lennox,33.940659,-118.363495
601600,Lennox,33.93469,-118.363465
601700,Lennox,33.9345775,-118.350415
601801,Inglewood,33.9436365,-118.3504315
601802,Lennox,33.9400165,-118.350423
601900,Inglewood,33.9416,-118.339395
602002,Hawthorne,33.9273185,-118.3395145
602003,Inglewood,33.9343385,-118.339381
602004,Inglewood,33.934325,-118.330778
602103,Hawthorne,33.9285675,-118.356887
602104,Hawthorne,33.928417,-118.348165
602105,Hawthorne,33.9200625,-118.348161
602106,Hawthorne,33.92005,-118.359021
602200,Del Aire,33.92363,-118.369832
602301,Del Aire,33.905529,-118.365785
602302,Hawthorne,33.905468,-118.37252
602402,Hawthorne,33.9084995,-118.356812
602403,Hawthorne,33.9130825,-118.3481235
602404,Hawthorne,33.905511,-118.3481055
602504,Hawthorne,33.905557,-118.3373245
602505,Hawthorne,33.905555,-118.341668
602506,Hawthorne,33.9073785,-118.3308455
602507,Hawthorne,33.9037475,-118.330837
602508,Hawthorne,33.9128105,-118.3395105
602509,Hawthorne,33.917666,-118.335149
602600,Gardena,33.9091925,-118.3177665
602700,Hawthorne,33.9236775,-118.3177205
602801,Athens,33.9273235,-118.3002815
602802,Athens,33.920228,-118.3002815
602900,Gardena,33.908722,-118.304711
603001,Gardena,33.9016845,-118.2960225
603004,Gardena,33.892234,-118.2960665
603005,Gardena,33.8982925,-118.304751
603006,Gardena,33.8910355,-118.3042245
603101,Gardena,33.88692,-118.2954995
603102,Gardena,33.877144,-118.295371
603200,Gardena,33.869186,-118.2998365
603301,Gardena,33.8843295,-118.3064395
603302,Gardena,33.877386,-118.306193
603400,Gardena,33.8932645,-118.313471
603500,Gardena,33.898302,-118.3199915
603600,Gardena,33.888753,-118.3221555
603702,Alondra Park,33.885925,-118.335435
603703,Hawthorne,33.898292,-118.339779
603704,Hawthorne,33.8982975,-118.330837
603801,Lawndale,33.898542,-118.348093
603802,Lawndale,33.890992,-118.348088
603900,Lawndale,33.8948405,-118.360618
604001,Lawndale,33.8837445,-118.356835
604002,Lawndale,33.8765055,-118.3568285
604100,Lawndale,33.880805,-118.34807
609900,San Pedro,33.741006,-118.302932
620001,El Segundo,33.9275455,-118.4037575
620002,El Segundo,33.91999,-118.4047515
620101,El Segundo,33.927506,-118.4199925
620102,El Segundo,33.9199625,-118.418878
620201,Manhattan Beach,33.90297816,-118.4197145
620301,Manhattan Beach,33.897189,-118.4043155
620303,Manhattan Beach,33.8930745,-118.4029825
620305,Manhattan Beach,33.89289461,-118.4143834
620400,Manhattan Beach,33.894625,-118.3873925
620501,Redondo Beach,33.887363,-118.3700055
620521,Redondo Beach,33.8764805,-118.365622
620522,Redondo Beach,33.8764625,-118.374998
620601,Redondo Beach,33.869829,-118.362536
620602,Redondo Beach,33.8633335,-118.3630525
620701,Redondo Beach,33.8691805,-118.382039
620702,Redondo Beach,33.861085,-118.3796415
620800,Manhattan Beach,33.8800905,-118.387312
620901,Manhattan Beach,33.882237,-118.4018225
620904,Manhattan Beach,33.8813737,-118.4072397
621001,Hermosa Beach,33.8701875,-118.3941825
621002,Hermosa Beach,33.8696538,-118.4050238
621004,Hermosa Beach,33.8695295,-118.4012875
621102,Hermosa Beach,33.860177,-118.388831
621104,Hermosa Beach,33.85822473,-118.39661
621201,Redondo Beach,33.8500655,-118.3831365
621204,Redondo Beach,33.846546,-118.393796
621301,Redondo Beach,33.835159,-118.379359
621324,Redondo Beach,33.835432,-118.388025
621326,Redondo Beach,33.82188797,-118.3882982
621400,Redondo Beach,33.8222325,-118.3792945
650001,Torrance,33.8799285,-118.3199695
650003,Torrance,33.8763935,-118.339968
650004,Torrance,33.8778065,-118.3307945
650101,Torrance,33.866448,-118.317788
650102,Torrance,33.8687585,-118.3342225
650200,Torrance,33.867113,-118.32676
650300,Torrance,33.86746,-118.351318
650401,Torrance,33.844669,-118.3410885
650501,Torrance,33.853453,-118.3594535
650502,Torrance,33.8534285,-118.3701455
650602,Torrance,33.8430865,-118.362272
650603,Torrance,33.8431555,-118.36973
650604,Torrance,33.84034,-118.349129
650605,Torrance,33.845876,-118.349133
650701,Torrance,33.8313195,-118.353571
650702,Torrance,33.832556,-118.367489
650800,Torrance,33.8266215,-118.3366605
650901,Torrance,33.8351275,-118.318833
650902,Torrance,33.824236,-118.3187445
651001,Torrance,33.8111705,-118.314085
651002,Torrance,33.814399,-118.324082
651101,Torrance,33.806877,-118.338471
651102,Torrance,33.8200495,-118.3453865
651201,Torrance,33.8205315,-118.367129
651221,Torrance,33.8210435,-118.355335
651222,Torrance,33.8127245,-118.360268
651302,Torrance,33.8061,-118.370769
651304,Torrance,33.8116915,-118.381965
651401,Torrance,33.7862665,-118.3340915
651402,Torrance,33.796968,-118.3450715
670001,Lomita,33.8027475,-118.3183505
670002,Lomita,33.7953365,-118.312963
670003,Lomita,33.797717,-118.3226775
670100,Rolling Hills Estates,33.7824185,-118.318576
670201,Rolling Hills Estates,33.7777515,-118.339328
670202,Rolling Hills Estates,33.786898,-118.3573095
670324,Palos Verdes Estates,33.79768677,-118.379741
670326,Palos Verdes Estates,33.785452,-118.4028895
670328,Palos Verdes Estates,33.77355,-118.416007
670403,Rancho Palos Verdes,33.7766755,-118.3693285
670405,Rancho Palos Verdes,33.7682385,-118.374157
670406,Rolling Hills Estates,33.763222,-118.3859975
670407,Rancho Palos Verdes,33.7723545,-118.3857375
670411,Rancho Palos Verdes,33.7858915,-118.3789685
670413,Rancho Palos Verdes,33.771989,-118.397256
670416,Rancho Palos Verdes,33.755584,-118.4064862
670500,Rolling Hills,33.760874,-118.347924
670602,Rancho Palos Verdes,33.74274308,-118.3714756
670701,San Pedro,33.7630595,-118.3098
670702,Rancho Palos Verdes,33.7513725,-118.3285275
700101,West Hollywood,34.092577,-118.352461
700102,West Hollywood,34.0889685,-118.3524115
700200,West Hollywood,34.0924555,-118.365232
700300,West Hollywood,34.091624,-118.3731165
700400,West Hollywood,34.08295,-118.3800135
700501,West Hollywood,34.087219,-118.389563
700502,West Hollywood,34.089894,-118.3803515
700600,Beverly Hills,34.0920565,-118.40138
700700,Beverly Hills,34.0793195,-118.4153425
700801,Beverly Hills,34.0741065,-118.400005
700802,Beverly Hills,34.0681835,-118.3809795
700901,Pico-Robertson,34.0620675,-118.3809415
700902,Beverly Hills,34.0620455,-118.3944075
701000,Beverly Hills,34.05987,-118.406709
701100,Veterans Administration,34.057384,-118.4572585
701201,Santa Monica,34.041316,-118.4938655
701202,Santa Monica,34.033922,-118.489809
701302,Santa Monica,34.0274135,-118.497829
701304,Santa Monica,34.03082958,-118.5060219
701402,Santa Monica,34.020408,-118.5020564
701501,Santa Monica,34.0281575,-118.49041
701502,Santa Monica,34.025441,-118.4872355
701601,Santa Monica,34.0389605,-118.479277
701602,Santa Monica,34.0350165,-118.475432
701701,Santa Monica,34.032321,-118.4722855
701702,Santa Monica,34.022751,-118.4840745
701801,Santa Monica,34.0277085,-118.464933
701802,Santa Monica,34.0191465,-118.4788215
701902,Santa Monica,34.01386615,-118.4928698
702002,Santa Monica,34.00604515,-118.4847132
702102,Santa Monica,34.00117824,-118.478873
702201,Santa Monica,34.0134445,-118.4732815
702202,Santa Monica,34.0083865,-118.467534
702300,Santa Monica,34.0182585,-118.4559935
702400,Culver City,34.0262285,-118.3839635
702501,Culver City,34.014408,-118.3973335
702502,Ladera Heights,34.011914,-118.384386
702600,Culver City,33.9952635,-118.395285
702700,Culver City,34.006574,-118.402252
702801,Culver City,34.010849,-118.410408
702802,Culver City,34.0059345,-118.4153575
702803,Culver City,33.995268,-118.4328335
702901,Marina del Rey,33.9753235,-118.4478695
703001,Ladera Heights,33.994652,-118.384058
703002,Ladera Heights,33.9874395,-118.373906
703100,View Park-Windsor Hills,33.9938635,-118.354966
703200,View Park-Windsor Hills,33.9983555,-118.3403905
800101,Calabasas,34.1354985,-118.6295565
800102,Topanga,34.105487,-118.6313095
800202,Unincorporated Santa Monica Mountains,34.111882,-118.6724855
800203,Hidden Hills,34.162707,-118.6715635
800204,Calabasas,34.146393,-118.663627
800324,Agoura Hills,34.150914,-118.780558
800325,Westlake Village,34.142043,-118.818764
800326,Unincorporated Santa Monica Mountains,34.118765,-118.824471
800327,Agoura Hills,34.1554385,-118.744946
800328,Calabasas,34.1532245,-118.716794
800329,Unincorporated Santa Monica Mountains,34.125924,-118.741482
800330,Unincorporated Santa Monica Mountains,34.0909385,-118.7600245
800331,Westlake Village,34.158577,-118.8018845
800332,Agoura Hills,34.1610355,-118.7705735
800406,Unincorporated Santa Monica Mountains,34.065344,-118.8552812
800408,Malibu,34.02294,-118.7999009
800410,Unincorporated Santa Monica Mountains,34.0581495,-118.7420335
800504,Unincorporated Santa Monica Mountains,34.0557665,-118.6751869
800506,Topanga,34.05990591,-118.6102825
900102,Northeast Antelope Valley,34.690623,-117.773664
900103,Lake Los Angeles,34.6312205,-117.845138
900104,Northeast Antelope Valley,34.587324,-117.844901
900201,Northeast Antelope Valley,34.7010005,-117.961077
900300,Northeast Antelope Valley,34.7338375,-118.0937835
900501,Lancaster,34.6822275,-118.123596
900504,Palmdale,34.6605065,-118.0957095
900505,Lancaster,34.682288,-118.1080695
900506,Lancaster,34.682332,-118.0991665
900507,Lancaster,34.6788835,-118.085749
900508,Lancaster,34.678919,-118.0679485
900602,Lancaster,34.7114195,-118.121494
900605,Lancaster,34.7043045,-118.085977
900606,Lancaster,34.7003925,-118.124863
900607,Lancaster,34.693862,-118.124286
900608,Lancaster,34.6968125,-118.1081615
900609,Lancaster,34.7041855,-118.099231
900701,Lancaster,34.682124,-118.14029
900703,Lancaster,34.682113,-118.156743
900704,Lancaster,34.6603865,-118.137914
900705,Lancaster,34.66033,-118.1566475
900803,Lancaster,34.7113425,-118.157119
900804,Lancaster,34.7113085,-118.142751
900805,Lancaster,34.6966695,-118.156998
900806,Lancaster,34.6966605,-118.141453
900900,Northwest Antelope Valley,34.762262,-118.2328575
901003,Lancaster,34.69674,-118.227897
901004,Lancaster,34.689439,-118.210091
901007,Lancaster,34.652975,-118.1834535
901008,Lancaster,34.6966705,-118.174692
901009,Lancaster,34.682112,-118.174692
901010,Lancaster,34.6675115,-118.19239
901011,Lancaster,34.6675775,-118.1745715
901101,Lancaster,34.6602485,-118.2274505
901102,Quartz Hill,34.660235,-118.2099685
901205,Lancaster,34.6746975,-118.2828485
901209,Ridge Route,34.7315285,-118.609312
901210,Elizabeth Lake,34.6737525,-118.3836475
901213,Leona Valley,34.6249465,-118.305774
910001,Palmdale,34.602258,-117.9288635
910002,Northeast Antelope Valley,34.532019,-117.919491
910101,Palmdale,34.6128065,-118.045045
910201,Palmdale,34.6165185,-118.1332205
910202,Northwest Palmdale,34.626194,-118.1788455
910205,Southeast Antelope Valley,34.530174,-118.1365825
910206,Palmdale,34.5868255,-118.2268865
910207,Palmdale,34.594402,-118.172876
910208,Palmdale,34.598115,-118.156459
910209,Palmdale,34.603833,-118.1966305
910210,Palmdale,34.6157635,-118.1969445
910301,Quartz Hill,34.638321,-118.2218425
910302,Palmdale,34.620746,-118.2219715
910401,Palmdale,34.5725535,-118.1501985
910402,Palmdale,34.583354,-118.1255555
910403,Palmdale,34.5765425,-118.1249295
910404,Palmdale,34.565246,-118.1241
910501,Palmdale,34.5799625,-118.1130105
910502,Palmdale,34.58003,-118.10081
910504,Palmdale,34.568302,-118.105125
910505,Palmdale,34.563778,-118.103584
910601,Palmdale,34.5836105,-118.076306
910602,Palmdale,34.5764565,-118.080694
910603,Palmdale,34.565435,-118.0850595
910605,Palmdale,34.569375,-118.0672205
910606,Palmdale,34.5618675,-118.06729
910705,Palmdale,34.568801,-118.0183425
910706,Palmdale,34.550485,-118.009319
910707,Palmdale,34.543249,-118.098902
910709,Southeast Antelope Valley,34.524328,-118.044247
910711,Palmdale,34.569155,-118.05615
910712,Palmdale,34.550398,-118.0517435
910713,Palmdale,34.5727205,-118.0399375
910714,Palmdale,34.561705,-118.03843
910715,Palmdale,34.552996,-118.072164
910716,Palmdale,34.5464265,-118.072453
910804,Acton,34.528856,-118.187391
910805,Acton,34.46611,-118.2253525
910807,Santa Clarita,34.44052,-118.410871
910808,Santa Clarita,34.4567225,-118.3925185
910809,Santa Clarita,34.407322,-118.399898
910810,Castaic Canyons,34.45705,-118.360889
910811,Tujunga Canyons,34.429045,-118.186203
910812,Southeast Antelope Valley,34.500557,-118.0739195
910813,Agua Dulce,34.5149,-118.3077005
911001,Southeast Antelope Valley,34.4802325,-117.84332
920011,Castaic Canyons,34.537969,-118.41508
920012,Castaic Canyons,34.602204,-118.370304
920013,Santa Clarita,34.4322485,-118.514551
920015,Santa Clarita,34.4718625,-118.527824
920016,Castaic Canyons,34.463734,-118.520167
920017,Santa Clarita,34.442725,-118.526151
920018,Santa Clarita,34.4558485,-118.52964
920020,Castaic Canyons,34.4698725,-118.485244
920023,Santa Clarita,34.4214975,-118.4905135
920026,Castaic Canyons,34.475127,-118.42794
920028,Santa Clarita,34.4364445,-118.4883265
920029,Santa Clarita,34.4299325,-118.485735
920030,Santa Clarita,34.415315,-118.487947
920031,Santa Clarita,34.3954795,-118.4803145
920032,Castaic Canyons,34.458264,-118.466239
920033,Castaic Canyons,34.460462,-118.4328125
920034,Castaic Canyons,34.436949,-118.4510885
920035,Santa Clarita,34.419514,-118.4632135
920036,Santa Clarita,34.419943,-118.4750645
920037,Santa Clarita,34.4144835,-118.4485455
920038,Santa Clarita,34.4248795,-118.44721
920039,Santa Clarita,34.4217055,-118.4383615
920040,Castaic Canyons,34.4376675,-118.4294815
920041,Santa Clarita,34.418503,-118.434593
920042,Santa Clarita,34.3938205,-118.4701755
920043,Santa Clarita,34.39599,-118.4534165
920044,Santa Clarita,34.443157,-118.516583
920045,Santa Clarita,34.453296,-118.516716
920102,Ridge Route,34.6130265,-118.5884185
920104,Ridge Route,34.565251,-118.722532
920106,Unincorporated Santa Susana Mountains,34.4431575,-118.666036
920107,Santa Clarita,34.4512955,-118.580658
920108,Castaic Canyons,34.448999,-118.563623
920109,Santa Clarita,34.456252,-118.550261
920110,Santa Clarita,34.446814,-118.5447345
920111,Santa Clarita,34.451756,-118.5384995
920112,Santa Clarita,34.435109,-118.538718
920114,Santa Clarita,34.4320305,-118.5670465
920115,Santa Clarita,34.428275,-118.5498565
920116,Castaic,34.4830095,-118.6364085
920118,Castaic,34.4585725,-118.624566
920119,Castaic,34.4642225,-118.6428175
920200,Castaic Canyons,34.4679205,-118.594791
920303,Unincorporated Santa Susana Mountains,34.315107,-118.605768
920312,Santa Clarita,34.357038,-118.529646
920313,Santa Clarita,34.3707695,-118.552617
920314,Santa Clarita,34.4044665,-118.520954
920322,Santa Clarita,34.3842535,-118.549422
920326,Unincorporated Santa Susana Mountains,34.364177,-118.6077495
920328,Santa Clarita,34.416139,-118.5715565
920329,Santa Clarita,34.4111205,-118.5512305
920330,Santa Clarita,34.403578,-118.5636845
920331,Santa Clarita,34.3965195,-118.5461425
920332,Santa Clarita,34.3818215,-118.514898
920334,Santa Clarita,34.3872515,-118.5594415
920336,Santa Clarita,34.385239,-118.534828
920337,Santa Clarita,34.373884,-118.5145465
920338,Stevenson Ranch,34.386701,-118.601166
920339,Unincorporated Santa Susana Mountains,34.4151555,-118.6238155
930101,Angeles Crest,34.2419535,-118.119012
930200,Tujunga Canyons,34.340966,-118.294994
930301,Angeles Crest,34.2947535,-117.913563
980001,Burbank,34.199424,-118.3594925
980002,Carson,33.809244,-118.241188
980003,Northeast Antelope Valley,34.7929935,-117.957417
980004,Palmdale,34.6312145,-118.084388
980005,Torrance,33.852811,-118.3306995
980006,Long Beach,33.808542,-118.087881
980007,Long Beach,33.7633785,-118.1035825
980008,Van Nuys,34.207747,-118.490984
980009,Griffith Park,34.136859,-118.3012315
980010,Elysian Park,34.081932,-118.238222
980013,El Segundo,33.9163945,-118.3853095
980014,Wilmington,33.7950245,-118.240815
980015,Wilmington,33.778611,-118.295234
980018,Long Beach,33.814878,-118.1572775
980019,Pacific Palisades,34.0891725,-118.5518725
980020,Shadow Hills,34.2242935,-118.305462
980021,Hansen Dam,34.2656655,-118.368858
980022,Granada Hills,34.3001055,-118.485019
980023,Chatsworth Reservoir,34.2324115,-118.6281115
980024,Sepulveda Basin,34.1733255,-118.4930155
980025,Carson,33.841065,-118.2386745
980026,Tujunga,34.2727625,-118.2952615
980028,Westchester,33.93683848,-118.4083005
980030,El Segundo,33.9090245,-118.412818
980031,San Pedro,33.73751,-118.2614255
124700,Sherman Oaks,34.16246691,-118.4138645
503801,La Mirada,33.89910286,-117.9936485
573902,Long Beach,33.8119735,-118.0786525
576602,Long Beach,33.76598015,-118.1707793
599100,Unincorporated Catalina Island,33.3888135,-118.4235526
980033,San Pedro,33.75135147,-118.216154
990300,Long Beach,33.72311941,-118.2034005
