Studio,City,ZIP Code,Location
Set and Flow,Los Angeles,90028.0,"34.10072174800007, -118.32821815499994"
Modo Yoga LA - La Brea,Los Angeles,90036.0,"34.06892065300008, -118.35080783799998"
Red Diamond Yoga,Los Angeles,90034.0,"34.028290507000065, -118.40269589399998"
One Down Dog,Los Angeles,90029.0,"34.08989399500007, -118.29490934199998"
The Raven Spa,Los Angeles,90039.0,"34.11160164200004, -118.26125727499999"
Liberation Yoga,Los Angeles,90019.0,"34.04884238300008, -118.33610868499994"
Sanctuary Fitness - DTLA Arts District,Los Angeles,90012.0,"34.05948330100006, -118.24204800499996"
LA Boulders,Los Angeles,90021.0,"34.030124099000034, -118.24177861499999"
Evolve Dance Studio,Los Angeles,90019.0,"34.04884238300008, -118.33610868499994"
Yoga Circle Downtown,Los Angeles,90013.0,"34.04602247400004, -118.24624962599995"
Siesta Yoga,Los Angeles,90027.0,"34.10546214900006, -118.29236751399998"
Psycho,Los Angeles,90048.0,"34.073161378000066, -118.37406665299994"
dr pilates,Los Angeles,90004.0,"34.075720587000035, -118.30301712299996"
Rise Hot Yoga,Los Angeles,90039.0,"34.11160164200004, -118.26125727499999"
Heartbeat House,Los Angeles,90039.0,"34.11160164200004, -118.26125727499999"
Wanderlust Hollywood,Los Angeles,90028.0,"34.10072174800007, -118.32821815499994"
Sweatheory,Los Angeles,90028.0,"34.10072174800007, -118.32821815499994"
Peace Yoga Gallery,Los Angeles,90015.0,"34.04012195700005, -118.26498963499995"
Urban 728 Yoga,Los Angeles,90038.0,"34.088981543000045, -118.32483773999996"
Modo Yoga LA - East,Los Angeles,90026.0,"34.07687201300007, -118.26535895999996"
Wellborn Lifestyles & Doula Services,Van Nuys,91401.0,"34.181152145000055, -118.43482720999998"
Radha Yoga,Los Angeles,90018.0,"34.030771505000075, -118.31686899999994"
Namaste Highland Park,Los Angeles,90042.0,"34.11332226400003, -118.19142869099994"
Silverlake Yoga,Los Angeles,90039.0,"34.11160164200004, -118.26125727499999"
Yogala Echo Park,Los Angeles,90026.0,"34.07687201300007, -118.26535895999996"
The Main Barre,Los Angeles,90013.0,"34.04602247400004, -118.24624962599995"
Sweat Yoga,Playa Vista,90094.0,"33.97293079200006, -118.42532902699998"
Dee Dussault - Ganja Yoga & Sex Coaching,Los Angeles,90008.0,"34.01097131500006, -118.34158773599995"
Sweat Yoga Little Tokyo,Los Angeles,90012.0,"34.05948330100006, -118.24204800499996"
Bikram Yoga,Los Angeles,90012.0,"34.05948330100006, -118.24204800499996"
Evoke Yoga,Los Angeles,90014.0,"34.04475373200006, -118.25273671899998"
Yoga Vibe,Los Angeles,90027.0,"34.10546214900006, -118.29236751399998"
One Down Dog,Los Angeles,90041.0,"34.13538185700003, -118.20684911599994"
The Bridge Mind Body Movement,Los Angeles,90021.0,"34.030124099000034, -118.24177861499999"
"Zen Wellness: Dr. Bobbi Jones, DC & Dr. Mary Ames Brown, DC",Los Angeles,90027.0,"34.10546214900006, -118.29236751399998"
Houston Heller- LMT,Los Angeles,90017.0,"34.05230100700004, -118.26338632699998"
The Sweat Spot,Los Angeles,90026.0,"34.07687201300007, -118.26535895999996"
Yoga Bliss - Westchester,Los Angeles,90045.0,"33.961520807000056, -118.39344972199996"
Garth Hewitt,Los Angeles,90066.0,"34.00215095400006, -118.42903966199998"
EVERYBODY,Los Angeles,90065.0,"34.10881214900007, -118.22766603699995"
Jun Chong Tae Kwon Do,Los Angeles,90048.0,"34.073161378000066, -118.37406665299994"
AIR Aerial Fitness,Los Angeles,90048.0,"34.073161378000066, -118.37406665299994"
Doula Mellie,Los Angeles,90035.0,"34.054282330000035, -118.38385594999994"
D&A Flying Yoga,Los Angeles,90010.0,"34.06139075900006, -118.30969974099997"
Soul Pump Fitness,Los Angeles,90025.0,"34.045183888000054, -118.45025632399995"
MOMS AT OM,Los Angeles,90066.0,"34.00215095400006, -118.42903966199998"
Marti Maley,North Hollywood,91602.0,"34.15134106200003, -118.36907858599994"
Crenshaw Yoga & Dance,Los Angeles,90043.0,"33.986730529000056, -118.33290641499997"
BACH,Beverly Hills,90210.0,"34.08553160900004, -118.40426878599999"
Claire Thompson,Los Angeles,90065.0,"34.10881214900007, -118.22766603699995"
CrossFit Mindset,Los Angeles,90027.0,"34.10546214900006, -118.29236751399998"
Hot 8 Yoga,Los Angeles,90005.0,"34.05907052600003, -118.30301712299996"
Echo Park Boxing,Los Angeles,90026.0,"34.07687201300007, -118.26535895999996"
The Tree South LA,Los Angeles,90047.0,"33.95687165100003, -118.30907840499998"
Still Yoga,Los Angeles,90039.0,"34.11160164200004, -118.26125727499999"
Samarasa Center,Los Angeles,90026.0,"34.07687201300007, -118.26535895999996"
Fitmix Studio Atwater Village,Los Angeles,90039.0,"34.11160164200004, -118.26125727499999"
Chloe Massage Spa,Los Angeles,90019.0,"34.04884238300008, -118.33610868499994"
Yoga West,Los Angeles,90035.0,"34.054282330000035, -118.38385594999994"
Nicole Doherty,Los Angeles,90035.0,"34.054282330000035, -118.38385594999994"
Nine Treasures Yoga,West Hollywood,90069.0,"34.08940300900008, -118.37978902499998"
H2yOga,Los Angeles,90036.0,"34.06892065300008, -118.35080783799998"
Hot 8 Yoga,Beverly Hills,90211.0,"34.06566189900008, -118.38146619699995"
Cliffs of Id,Culver City,90232.0,"34.01970043100005, -118.39595678999996"
Miss Mermaid,Venice,90291.0,"33.99258325100004, -118.46637629399999"
Light on Lotus Yoga,Los Angeles,90066.0,"34.00215095400006, -118.42903966199998"
LaLaLå! Jivamukti Yoga Los Angeles,Los Angeles,90013.0,"34.04602247400004, -118.24624962599995"
Vrkira Yoga,Los Angeles,90016.0,"34.028881427000044, -118.35308896599997"
Mockingbird Yoga,Los Angeles,90041.0,"34.13538185700003, -118.20684911599994"
The Cycling Pigeon,Los Angeles,90041.0,"34.13538185700003, -118.20684911599994"
One Down Dog,Los Angeles,90026.0,"34.07687201300007, -118.26535895999996"
Moon Yogi Holistic Healing,Los Angeles,90046.0,"34.097150154000076, -118.35826821299997"
Aeriform Arts,Los Angeles,90038.0,"34.088981543000045, -118.32483773999996"
Yoga by Rony,West Hollywood,90069.0,"34.08940300900008, -118.37978902499998"
The Barboza Method,Los Angeles,90046.0,"34.097150154000076, -118.35826821299997"
Hiking Yoga,Los Angeles,90027.0,"34.10546214900006, -118.29236751399998"
Balance Work Yoga and Massage,Los Angeles,90019.0,"34.04884238300008, -118.33610868499994"
Brick Los Angeles,Los Angeles,90046.0,"34.097150154000076, -118.35826821299997"
Atwater Kundalini Yoga,Los Angeles,90039.0,"34.11160164200004, -118.26125727499999"
The Mystic Rebel Healing Collective,Los Angeles,90013.0,"34.04602247400004, -118.24624962599995"
Iyengar Yoga Institute of Los Angeles,Los Angeles,90035.0,"34.054282330000035, -118.38385594999994"
Yoga Shala West,Los Angeles,90064.0,"34.03541197100003, -118.43217675599999"
Pilates Essence,Los Angeles,90064.0,"34.03541197100003, -118.43217675599999"
Veda Yoga Center,Culver City,90232.0,"34.01970043100005, -118.39595678999996"
Namastday Yoga,Beverly Hills,90211.0,"34.06566189900008, -118.38146619699995"
Self Realization Fellowship,Los Angeles,90065.0,"34.10881214900007, -118.22766603699995"
Runyon Canyon Yoga,Los Angeles,90046.0,"34.097150154000076, -118.35826821299997"
SoulPlay Yoga,Culver City,90232.0,"34.01970043100005, -118.39595678999996"
YogiNest,Studio City,91604.0,"34.144462919000034, -118.39427961799998"
Sultan Yoga,Los Angeles,90012.0,"34.05948330100006, -118.24204800499996"
Madre Fitness + Wellness,Los Angeles,90041.0,"34.13538185700003, -118.20684911599994"
Ma Yoga Culver City - WMN Space,Culver City,90232.0,"34.01970043100005, -118.39595678999996"
Fit2fly Mobile Personal Training,Los Angeles,90015.0,"34.04012195700005, -118.26498963499995"
AuraYoga,West Hollywood,90069.0,"34.08940300900008, -118.37978902499998"
Sync Yoga + Cycle,Glendale,91203.0,"34.15282270900008, -118.26132679499995"
Evolution Physical Therapy,Culver City,90230.0,"33.99506425000004, -118.39500957899998"
Black Market Yoga,Los Angeles,90046.0,"34.097150154000076, -118.35826821299997"
Zooga Yoga For Kids - Culver City,Culver City,90232.0,"34.01970043100005, -118.39595678999996"
Dharma Yoga L.A.,Los Angeles,90016.0,"34.028881427000044, -118.35308896599997"
Zooga Yoga - West Hollywood,West Hollywood,90069.0,"34.08940300900008, -118.37978902499998"
YogaWorks Koreatown,Los Angeles,90005.0,"34.05907052600003, -118.30301712299996"
Pardon My Heart LA,Los Angeles,90041.0,"34.13538185700003, -118.20684911599994"
Denise Beaudoin Yoga,Los Angeles,90034.0,"34.028290507000065, -118.40269589399998"
dr pilates,Los Angeles,90036.0,"34.06892065300008, -118.35080783799998"
Playlist Yoga,West Hollywood,90069.0,"34.08940300900008, -118.37978902499998"
Golden State Yoga,Los Angeles,90042.0,"34.11332226400003, -118.19142869099994"
Golden Monkey Healing,Valley Village,91607.0,"34.16615318600003, -118.399337205"
I Love Pilates,Los Angeles,90010.0,"34.06139075900006, -118.30969974099997"
Healing With Chona,Los Angeles,90065.0,"34.10881214900007, -118.22766603699995"
Kasey Kilmer Fitness,Playa Del Rey,90293.0,"33.95744084700004, -118.43916786999995"
Anahata Holistic Healing,Beverly Hills,90210.0,"34.08553160900004, -118.40426878599999"
ROAM Yoga,Los Angeles,90004.0,"34.075720587000035, -118.30301712299996"
Divojananda Spiritual Healer,Los Angeles,90068.0,"34.11525144700005, -118.33141607899995"
Art of Living Foundation,Los Angeles,90007.0,"34.02833395700003, -118.28507659499996"
Laura Myren Yoga,Los Angeles,90025.0,"34.045183888000054, -118.45025632399995"
Electric Soul Yoga,Studio City,91604.0,"34.144462919000034, -118.39427961799998"
Up Flying Yoga,Studio City,91604.0,"34.144462919000034, -118.39427961799998"
Bella Fitness,Glendale,91203.0,"34.15282270900008, -118.26132679499995"
Yoga Vibe - West Hollywood,Los Angeles,90046.0,"34.097150154000076, -118.35826821299997"
Infinite Presence - Kundalini Yoga & Holistic Healing,La Canada Flintridge,91011.0,"34.20779137400007, -118.20292992099996"
Dr. Grace PT,Los Angeles,90066.0,"34.00215095400006, -118.42903966199998"
LiveYoga Wellness,Los Angeles,90045.0,"33.961520807000056, -118.39344972199996"
Spiritual Heart Yoga Center,Montrose,91020.0,"34.209963877000064, -118.23087699599995"
OM Lotus,Tarzana,91356.0,"34.16990292600008, -118.54048905299999"
Prenatal Education Center,Cypress,90630.0,"33.82014301800007, -118.03980972399995"
SWERVE Studio,Los Angeles,90048.0,"34.073161378000066, -118.37406665299994"
Thrive Health Lab,Los Angeles,90043.0,"33.986730529000056, -118.33290641499997"
Jory Integrative Medicine,Los Angeles,90027.0,"34.10546214900006, -118.29236751399998"
Alo Yoga,Los Angeles,90036.0,"34.06892065300008, -118.35080783799998"
PureBodyGuru,West Hollywood,90069.0,"34.08940300900008, -118.37978902499998"
Cuccio Yoga Somatology,Los Angeles,90048.0,"34.073161378000066, -118.37406665299994"
Heal One World,Los Angeles,90019.0,"34.04884238300008, -118.33610868499994"
The Travel Yogi,Los Angeles,90001.0,"33.973274047000075, -118.24896959899996"
Lily Rose Healing,Los Angeles,90001.0,"33.973274047000075, -118.24896959899996"
Pia Yoga Fitness,Los Angeles,90004.0,"34.075720587000035, -118.30301712299996"
Awakened Warrior Yoga Teacher Training,West Hollywood,90069.0,"34.08940300900008, -118.37978902499998"
Creating Yourself,West Hollywood,90069.0,"34.08940300900008, -118.37978902499998"
Christopher Filkins,Los Angeles,90031.0,"34.077523764000034, -118.21310592399999"
Scarlett Tantrika,Beverly Hills,90210.0,"34.08553160900004, -118.40426878599999"
Christina Huntington Meditation,Los Angeles,90019.0,"34.04884238300008, -118.33610868499994"
Seetal Cheema Wellness - Medical Acupuncture,Los Angeles,90036.0,"34.06892065300008, -118.35080783799998"
Crunch Fitness - Los Angeles,Los Angeles,90046.0,"34.097150154000076, -118.35826821299997"
Movement By Susy,Los Angeles,90034.0,"34.028290507000065, -118.40269589399998"
Art of Living Studio,Los Angeles,90007.0,"34.02833395700003, -118.28507659499996"
Pacha Fitness,Los Angeles,90066.0,"34.00215095400006, -118.42903966199998"
Vidalia Om,Los Angeles,90019.0,"34.04884238300008, -118.33610868499994"
Alice Maples Coaching,Santa Monica,90405.0,"34.01013272900008, -118.47267655199994"
CorePower Yoga,Los Angeles,90017.0,"34.05230100700004, -118.26338632699998"
Shanti Hot Yoga,Culver City,90232.0,"34.01970043100005, -118.39595678999996"
UCLA Mindful Awareness Research Center,Los Angeles,90095.0,"34.05773226400004, -118.44782746599998"
Marlee Jackson Acupuncture,Los Angeles,90041.0,"34.13538185700003, -118.20684911599994"
Ancient Light Curative,Los Angeles,90028.0,"34.10072174800007, -118.32821815499994"
Omkar 108 Yoga,Culver City,90232.0,"34.01970043100005, -118.39595678999996"
The Stillness,Los Angeles,90065.0,"34.10881214900007, -118.22766603699995"
LA Fitness,Los Angeles,90028.0,"34.10072174800007, -118.32821815499994"
YogaWorks - Larchmont,Los Angeles,90004.0,"34.075720587000035, -118.30301712299996"
A Serpent's Lair,Los Angeles,90010.0,"34.06139075900006, -118.30969974099997"
The Yogi Tree Center for Growth,North Hollywood,91602.0,"34.15134106200003, -118.36907858599994"
Mary Rita Yoga,Glendale,91210.0,"34.14431084300003, -118.25610844299996"
Shorty Yoga,Beverly Hills,90211.0,"34.06566189900008, -118.38146619699995"
Nathalie Fino - Private Yoga Classes,Los Angeles,90046.0,"34.097150154000076, -118.35826821299997"
Eon Wellness Center,Beverly Hills,90211.0,"34.06566189900008, -118.38146619699995"
The Herb Nerd,Los Angeles,90065.0,"34.10881214900007, -118.22766603699995"
The Moving Joint,Los Angeles,90066.0,"34.00215095400006, -118.42903966199998"
Caroline Cardino Yoga & Bodywork,Los Angeles,90041.0,"34.13538185700003, -118.20684911599994"
Onika Keleny Fitness,Los Angeles,90017.0,"34.05230100700004, -118.26338632699998"
Yoga Salt,Los Angeles,90066.0,"34.00215095400006, -118.42903966199998"
Sivananda Yoga Vedanta Center,Los Angeles,90018.0,"34.030771505000075, -118.31686899999994"
LA Fitness,Los Angeles,90068.0,"34.11525144700005, -118.33141607899995"
Alo Yoga,Beverly Hills,90210.0,"34.08553160900004, -118.40426878599999"
Oraya,Los Angeles,90048.0,"34.073161378000066, -118.37406665299994"
CorePower Yoga,Los Angeles,90028.0,"34.10072174800007, -118.32821815499994"
Grace and Gratitude Life,Long Beach,90814.0,"33.771431161000066, -118.15235840199995"
Lotus Physical Therapy,Los Angeles,90025.0,"34.045183888000054, -118.45025632399995"
re:YOGA Therapy + Wellness,Los Angeles,90034.0,"34.028290507000065, -118.40269589399998"
The DEN Meditation,Studio City,91604.0,"34.144462919000034, -118.39427961799998"
Gil Correa Personal Trainer,Los Angeles,90036.0,"34.06892065300008, -118.35080783799998"
Shaolin American Self Defense Academy,North Hollywood,91602.0,"34.15134106200003, -118.36907858599994"
Get INtuit Yoga,Los Angeles,90036.0,"34.06892065300008, -118.35080783799998"
Yoga Doula Cassie,Los Angeles,90019.0,"34.04884238300008, -118.33610868499994"
Thai Yoga Massage by Sasha,Los Angeles,90004.0,"34.075720587000035, -118.30301712299996"
LA Fitness,Los Angeles,90028.0,"34.10072174800007, -118.32821815499994"
Angelic Presence Healing with Atasiea,Los Angeles,90026.0,"34.07687201300007, -118.26535895999996"
Rise Movement,West Hollywood,90069.0,"34.08940300900008, -118.37978902499998"
Pilates On Demand,Sherman Oaks,91423.0,"34.15306168500007, -118.43295885699996"
Divine Self Love,Marina Del Rey,90292.0,"33.98163383800005, -118.45110794499999"
Root 2 Rise Yoga,Studio City,91604.0,"34.144462919000034, -118.39427961799998"
Palms Park,Los Angeles,90064.0,"34.03541197100003, -118.43217675599999"
Kundalini Yoga & Meditation,Los Angeles,90034.0,"34.028290507000065, -118.40269589399998"
Together Yoga,Los Angeles,90010.0,"34.06139075900006, -118.30969974099997"
Spirit Fi,Culver City,90230.0,"33.99506425000004, -118.39500957899998"
Ma Yoga Beverly Hills - BHCMG,Beverly Hills,90211.0,"34.06566189900008, -118.38146619699995"
HOMTOWN Yoga,Los Angeles,90045.0,"33.961520807000056, -118.39344972199996"
Brandi Fitness,Los Angeles,90048.0,"34.073161378000066, -118.37406665299994"
"Kim Hollingdale, LMFT - Movemental",Los Angeles,90064.0,"34.03541197100003, -118.43217675599999"
Zen Acupuncture & Herbology,Los Angeles,90034.0,"34.028290507000065, -118.40269589399998"
YAYA YOGA - It's a kids yoga adventure!,Sherman Oaks,91423.0,"34.15306168500007, -118.43295885699996"
Lotus Lindley,Los Angeles,90027.0,"34.10546214900006, -118.29236751399998"
Y7 Studio West Hollywood,Los Angeles,90046.0,"34.097150154000076, -118.35826821299997"
CHI - Create Heal Inspire,Los Angeles,90039.0,"34.11160164200004, -118.26125727499999"
Re+active Physical Therapy & Wellness,Los Angeles,90064.0,"34.03541197100003, -118.43217675599999"
Pack Your Mat,Los Angeles,90011.0,"34.007903741000064, -118.259036977"
Dasi Healing,Los Angeles,90025.0,"34.045183888000054, -118.45025632399995"
Y7 Studio Silver Lake,Los Angeles,90029.0,"34.08989399500007, -118.29490934199998"
Michelle Corp Private Yoga,Los Angeles,90028.0,"34.10072174800007, -118.32821815499994"
Pure Light Wellness,Marina Del Rey,90292.0,"33.98163383800005, -118.45110794499999"
Angel City Zen Center,Los Angeles,90026.0,"34.07687201300007, -118.26535895999996"
LA Fitness,Los Angeles,90035.0,"34.054282330000035, -118.38385594999994"
Hello Critter Goat Yoga,Glendale,91201.0,"34.16917296500003, -118.291815698"
YogaWorks Playa Vista,Playa Vista,90094.0,"33.97293079200006, -118.42532902699998"
Sol Integrative,Los Angeles,90039.0,"34.11160164200004, -118.26125727499999"
Sound Baths With Jamie Ford,Los Angeles,90041.0,"34.13538185700003, -118.20684911599994"
Evolve Yoga Sacred Healing and Creative Arts,Los Angeles,90065.0,"34.10881214900007, -118.22766603699995"
iELevateME,Los Angeles,90016.0,"34.028881427000044, -118.35308896599997"
Erin Haynes Yoga,Los Angeles,90046.0,"34.097150154000076, -118.35826821299997"
Bien Etre Studio,Los Angeles,90027.0,"34.10546214900006, -118.29236751399998"
PRENATAL BARRE YOGA,Los Angeles,90066.0,"34.00215095400006, -118.42903966199998"
Yoga of Touch With Marci Javril,Marina Del Rey,90292.0,"33.98163383800005, -118.45110794499999"
Satori Bay,Los Angeles,90064.0,"34.03541197100003, -118.43217675599999"
Breakthru Fitness,Pasadena,91101.0,"34.145210260000056, -118.13830665399996"
CorePower Yoga,Los Angeles,90089.0,"34.02032176700004, -118.28529818999999"
YogaWorks Westwood,Los Angeles,90024.0,"34.06136034300005, -118.44023674099998"
Toni Pasion,Los Angeles,90066.0,"34.00215095400006, -118.42903966199998"
Body & Brain Yoga Tai Chi - Wilshire,Los Angeles,90005.0,"34.05907052600003, -118.30301712299996"
Devon Young Yoga,Los Angeles,90046.0,"34.097150154000076, -118.35826821299997"
Manuela Schoepfer,Santa Monica,90403.0,"34.02842085700007, -118.49353692399995"
Daily Therapy,Los Angeles,90064.0,"34.03541197100003, -118.43217675599999"
Cassie Cherney Yoga,Los Angeles,90036.0,"34.06892065300008, -118.35080783799998"
Mary Shore Yoga Center,Los Angeles,90036.0,"34.06892065300008, -118.35080783799998"
Lauren Finerman Holistic Wellness & Yoga,Los Angeles,90039.0,"34.11160164200004, -118.26125727499999"
The Chad Allen Method,West Hollywood,90069.0,"34.08940300900008, -118.37978902499998"
Conscious Compassion,Pasadena,91106.0,"34.14286395700003, -118.12849997699999"
Body & Brain Yoga Tai Chi - Burbank,Burbank,91506.0,"34.17111083700007, -118.32257833699998"
Fire Hot Yoga and Ice Cryotherapy,Los Angeles,90012.0,"34.05948330100006, -118.24204800499996"
Studio City Martial Arts,Studio City,91604.0,"34.144462919000034, -118.39427961799998"
One Infinity Healing,Venice,90291.0,"33.99258325100004, -118.46637629399999"
Anahata Conscious Living,Los Angeles,90066.0,"34.00215095400006, -118.42903966199998"
Julia Carpenter Yoga & Reiki,Sherman Oaks,91423.0,"34.15306168500007, -118.43295885699996"
Life Yoga Garden,Los Angeles,90046.0,"34.097150154000076, -118.35826821299997"
Passion 4 Health & Wellness,Los Angeles,90026.0,"34.07687201300007, -118.26535895999996"
Healing Rae,Los Angeles,90039.0,"34.11160164200004, -118.26125727499999"
YogaWorks West Hollywood,Los Angeles,90046.0,"34.097150154000076, -118.35826821299997"
LA Fitness,Los Angeles,90036.0,"34.06892065300008, -118.35080783799998"
East Inspirations,Encino,91316.0,"34.16673107200006, -118.51629606299997"
Awareness Center,Pasadena,91107.0,"34.150763177000044, -118.09228870099997"
Ashtanga Yoga Nilayam,Los Angeles,90027.0,"34.10546214900006, -118.29236751399998"
Stellayoga,Los Angeles,90046.0,"34.097150154000076, -118.35826821299997"
Hypnotherapy with Thea Pueschel,Los Angeles,90026.0,"34.07687201300007, -118.26535895999996"
Laura Riley - Private Yoga Instruction,Los Angeles,90026.0,"34.07687201300007, -118.26535895999996"
Alex Diehl - Private Yoga Instructor,Los Angeles,90038.0,"34.088981543000045, -118.32483773999996"
YogaWorks Los Feliz,Los Angeles,90028.0,"34.10072174800007, -118.32821815499994"
Wellborn Lifestyles,Sherman Oaks,91423.0,"34.15306168500007, -118.43295885699996"
Moksha Marga - Yogi Shyamasundara,Los Angeles,90028.0,"34.10072174800007, -118.32821815499994"
Laura VanDenBergh,Los Angeles,90057.0,"34.06211202900005, -118.27713826999997"
LA Fitness,Los Angeles,90017.0,"34.05230100700004, -118.26338632699998"
"Caitlin Dee, CMT",Los Angeles,90026.0,"34.07687201300007, -118.26535895999996"
Rooted Rasa,North Hollywood,91601.0,"34.16713081200004, -118.37252852099999"
Jupiter Soundscape,Walnut,91789.0,"34.01633305100006, -117.85816676999997"
Brightly Balanced With Andrea,Beverly Hills,90211.0,"34.06566189900008, -118.38146619699995"
New Moon Movement,Los Angeles,90057.0,"34.06211202900005, -118.27713826999997"
Clean Prana,Sherman Oaks,91423.0,"34.15306168500007, -118.43295885699996"
Jason Gorenstein Integrative Wellness,Los Angeles,90001.0,"33.973274047000075, -118.24896959899996"
Wholly Welcome,Topanga,90290.0,"34.10128225400007, -118.60494720999998"
Busy Bee Wellness,Los Angeles,90027.0,"34.10546214900006, -118.29236751399998"
MOSA Yoga and Massage,Los Angeles,90013.0,"34.04602247400004, -118.24624962599995"
Leo Zen Yoga - Yoga on the Sunset Strip,West Hollywood,90069.0,"34.08940300900008, -118.37978902499998"
Go Inward,Long Beach,90803.0,"33.76151151400006, -118.13748979299999"
101 Dance Center,Los Angeles,90068.0,"34.11525144700005, -118.33141607899995"
Dancing Shiva Yoga & Ayurveda,Los Angeles,90036.0,"34.06892065300008, -118.35080783799998"
A1 Pilates,Burbank,91505.0,"34.167673938000064, -118.34449888999995"
The Gym Venice,Los Angeles,90066.0,"34.00215095400006, -118.42903966199998"
Shosha Yoga,North Hollywood,91602.0,"34.15134106200003, -118.36907858599994"
Toe Toe Ballet,Los Angeles,90020.0,"34.06636144500004, -118.30164844599994"
Seishin Karate Dojo,Los Angeles,90065.0,"34.10881214900007, -118.22766603699995"
H.E.A.L. Spiritual Center,Los Angeles,90046.0,"34.097150154000076, -118.35826821299997"
Kristin Epley Active Care,Los Angeles,90066.0,"34.00215095400006, -118.42903966199998"
Yoga Galactica,Burbank,91505.0,"34.167673938000064, -118.34449888999995"
Light Leaders Yoga,North Hollywood,91602.0,"34.15134106200003, -118.36907858599994"
Private Yoga West Hollywood,Los Angeles,90036.0,"34.06892065300008, -118.35080783799998"
Purefit Wellness LA,West Hollywood,90069.0,"34.08940300900008, -118.37978902499998"
YogaMusic,Venice,90291.0,"33.99258325100004, -118.46637629399999"
Soulful Healing,Studio City,91604.0,"34.144462919000034, -118.39427961799998"
Kali Punk Yoga,Los Angeles,90057.0,"34.06211202900005, -118.27713826999997"
Marcia Paige Hamelin,Topanga,90290.0,"34.10128225400007, -118.60494720999998"
Unstoppable Greatness,Los Angeles,90068.0,"34.11525144700005, -118.33141607899995"
Rainbeau Mars Lifestyles,Los Angeles,90019.0,"34.04884238300008, -118.33610868499994"
Studio C Pilates & Fitness,Sherman Oaks,91423.0,"34.15306168500007, -118.43295885699996"
Zen Casa,West Hollywood,90069.0,"34.08940300900008, -118.37978902499998"
Larchmont Meditate,Los Angeles,90004.0,"34.075720587000035, -118.30301712299996"
Los Angeles Parks n Recreation,Los Angeles,90013.0,"34.04602247400004, -118.24624962599995"
LA Fitness,Beverly Hills,90212.0,"34.063841342000046, -118.40025834599999"
Yoga With Ayumi,Los Angeles,90027.0,"34.10546214900006, -118.29236751399998"
Hollywood Fitness International,Los Angeles,90046.0,"34.097150154000076, -118.35826821299997"
Awakening Mother,Santa Monica,90405.0,"34.01013272900008, -118.47267655199994"
Harakati Studios,Los Angeles,90014.0,"34.04475373200006, -118.25273671899998"
Juicy Yoga Noho,North Hollywood,91606.0,"34.186731132000034, -118.38680620899999"
Indigo Lab,Los Angeles,90036.0,"34.06892065300008, -118.35080783799998"
The Push Partner,Rancho Palos Verdes,90275.0,"33.76310178600005, -118.36665841799999"
Yoga With Racquel,Sherman Oaks,91423.0,"34.15306168500007, -118.43295885699996"
LA Fitness,Glendale,91204.0,"34.13669404900003, -118.25949754799996"
EsoTerra Fitness & Healing,Studio City,91604.0,"34.144462919000034, -118.39427961799998"
Opurea,Los Angeles,90028.0,"34.10072174800007, -118.32821815499994"
Alana Weinberg,Long Beach,90803.0,"33.76151151400006, -118.13748979299999"
The Aetherius Society,Los Angeles,90028.0,"34.10072174800007, -118.32821815499994"
Hyperslow Studio,Los Angeles,90048.0,"34.073161378000066, -118.37406665299994"
Candygyrls Fitness,Los Angeles,90036.0,"34.06892065300008, -118.35080783799998"
Cotrone Pilates,West Hollywood,90069.0,"34.08940300900008, -118.37978902499998"
CorePower Yoga,Sherman Oaks,91423.0,"34.15306168500007, -118.43295885699996"
Melvin Ramsey Yoga Instructor,Los Angeles,90038.0,"34.088981543000045, -118.32483773999996"
Blue Lite Yoga,Los Angeles,90014.0,"34.04475373200006, -118.25273671899998"
CorePower Yoga,Los Angeles,90068.0,"34.11525144700005, -118.33141607899995"
Two Snake Studios,Los Angeles,90035.0,"34.054282330000035, -118.38385594999994"
M Pilates and Yoga,Los Angeles,90039.0,"34.11160164200004, -118.26125727499999"
Yoga with Juliette,Los Angeles,90046.0,"34.097150154000076, -118.35826821299997"
Womanhood,Agoura Hills,91301.0,"34.14345053200003, -118.76011604599995"
Choose To Move LA,Los Angeles,90064.0,"34.03541197100003, -118.43217675599999"
Heare,Pasadena,91107.0,"34.150763177000044, -118.09228870099997"
Spy Fitness,Beverly Hills,90211.0,"34.06566189900008, -118.38146619699995"
Body Synergy Physical Therapy & Wellness,Los Angeles,90041.0,"34.13538185700003, -118.20684911599994"
Malan's Yoga Garden,Los Angeles,90045.0,"33.961520807000056, -118.39344972199996"
Diana Paschal Yoga & Coaching,Los Angeles,90066.0,"34.00215095400006, -118.42903966199998"
LA Fitness,Culver City,90232.0,"34.01970043100005, -118.39595678999996"
Metta Pilates,Los Angeles,90046.0,"34.097150154000076, -118.35826821299997"
The Breath Center,Culver City,90230.0,"33.99506425000004, -118.39500957899998"
Giving Earth Healing Arts,Manhattan Beach,90266.0,"33.89004112200007, -118.40324770999996"
Beach Cities Birth,Hermosa Beach,90254.0,"33.86430130900004, -118.39718642699995"
La Doula Vita,Venice,90291.0,"33.99258325100004, -118.46637629399999"
Sacred Healing Sessions,Long Beach,90802.0,"33.76935424900006, -118.184528823"
Myyogini,Los Angeles,90017.0,"34.05230100700004, -118.26338632699998"
Ella Yoga,Los Angeles,90028.0,"34.10072174800007, -118.32821815499994"
Disco Gym,Los Angeles,90026.0,"34.07687201300007, -118.26535895999996"
"Judith S Daniels, DPT C-IAYT",Marina Del Rey,90292.0,"33.98163383800005, -118.45110794499999"
Happy Yoga LA,Los Angeles,90019.0,"34.04884238300008, -118.33610868499994"
RA MA East,Los Angeles,90018.0,"34.030771505000075, -118.31686899999994"
Yoga Trapeze with Robyn,Los Angeles,90028.0,"34.10072174800007, -118.32821815499994"
Gaia Life Yoga,Los Angeles,90028.0,"34.10072174800007, -118.32821815499994"
Ekatala Yoga,Los Angeles,90006.0,"34.05010243400005, -118.29268904499997"
Music Meditation and Sound Bath with Nadene,Beverly Hills,90211.0,"34.06566189900008, -118.38146619699995"
Damian Hagglund,Los Angeles,90035.0,"34.054282330000035, -118.38385594999994"
Meredith Grubbs Yoga,Los Angeles,90029.0,"34.08989399500007, -118.29490934199998"
Living Lighthouse,Los Angeles,90046.0,"34.097150154000076, -118.35826821299997"
Maya Mind Body - Private Yoga Training,Los Angeles,90034.0,"34.028290507000065, -118.40269589399998"
Linda Lack The Thinking Body The Feeling Mind,Los Angeles,90035.0,"34.054282330000035, -118.38385594999994"
Mind-Body-Soul Harmony,Los Angeles,90028.0,"34.10072174800007, -118.32821815499994"
Soulspaces Yoga with Stefani Manger,Los Angeles,90039.0,"34.11160164200004, -118.26125727499999"
Peaceful Pug: Yoga and Reiki by Jessica,Los Angeles,90046.0,"34.097150154000076, -118.35826821299997"
yoga4men,West Hollywood,90069.0,"34.08940300900008, -118.37978902499998"
Sanctuary of Sounds,Los Angeles,90001.0,"33.973274047000075, -118.24896959899996"
Brittany Rose Yoga,Los Angeles,90068.0,"34.11525144700005, -118.33141607899995"
Voice Yoga with Kent Klineman,Los Angeles,90039.0,"34.11160164200004, -118.26125727499999"
Moved by Jane,Los Angeles,90048.0,"34.073161378000066, -118.37406665299994"
Flow Together Fitness,Los Angeles,90026.0,"34.07687201300007, -118.26535895999996"
Ivorie Jenkins Yoga,West Hollywood,90069.0,"34.08940300900008, -118.37978902499998"
"Dawn Runge, D.C",Los Angeles,90027.0,"34.10546214900006, -118.29236751399998"
UpRising Yoga,Los Angeles,90039.0,"34.11160164200004, -118.26125727499999"
LA Fitness,Playa Vista,90094.0,"33.97293079200006, -118.42532902699998"
Wonder Yogis,Los Angeles,90024.0,"34.06136034300005, -118.44023674099998"
Breathe Deep Yoga,Los Angeles,90027.0,"34.10546214900006, -118.29236751399998"
Michelle Mikolis Yoga,Los Angeles,90046.0,"34.097150154000076, -118.35826821299997"
Sarah Yoga,North Hollywood,91602.0,"34.15134106200003, -118.36907858599994"
DISCLOSURE FEST,Los Angeles,90021.0,"34.030124099000034, -118.24177861499999"
Embodied by Safyra,North Hollywood,91601.0,"34.16713081200004, -118.37252852099999"
C. Josephine Wilkins,Topanga,90290.0,"34.10128225400007, -118.60494720999998"
Naomi Zelin Yoga,Glendale,91204.0,"34.13669404900003, -118.25949754799996"
Find Your Balance Yoga,Los Angeles,90066.0,"34.00215095400006, -118.42903966199998"
Yoga 108,North Hollywood,91601.0,"34.16713081200004, -118.37252852099999"
Sheade Yoga,Glendale,91201.0,"34.16917296500003, -118.291815698"
Milena Brewster FIT,Los Angeles,90024.0,"34.06136034300005, -118.44023674099998"
Yoga by Feri West,Los Angeles,90024.0,"34.06136034300005, -118.44023674099998"
Hollywood Detox Center,Los Angeles,90029.0,"34.08989399500007, -118.29490934199998"
5 Lion Fitness,Van Nuys,91411.0,"34.179331588000025, -118.45792960399996"
Tom Widdison Slackline & Partner Acrobatics Instructor,Los Angeles,90001.0,"33.973274047000075, -118.24896959899996"
Monica Ferroe Yoga,Beverly Hills,90211.0,"34.06566189900008, -118.38146619699995"
Courtnay Meletta,Santa Monica,90404.0,"34.02784297100004, -118.47471870499999"
Psalm Isadora Yoga,Los Angeles,90066.0,"34.00215095400006, -118.42903966199998"
Yoga By Jenni,Playa Vista,90094.0,"33.97293079200006, -118.42532902699998"
Kids Yoga At Rediscover,Los Angeles,90066.0,"34.00215095400006, -118.42903966199998"
Adi Shaktee,Van Nuys,91401.0,"34.181152145000055, -118.43482720999998"
"Cory Nakamura, CMT",Studio City,91604.0,"34.144462919000034, -118.39427961799998"
CorePower Yoga,Culver City,90232.0,"34.01970043100005, -118.39595678999996"
Source of Yoga,Los Angeles,90046.0,"34.097150154000076, -118.35826821299997"
YogaWorks Studio City,Studio City,91604.0,"34.144462919000034, -118.39427961799998"
play,Los Angeles,90021.0,"34.030124099000034, -118.24177861499999"
LIfe Vibes Los Angeles,Encino,91316.0,"34.16673107200006, -118.51629606299997"
AE Wellness - Alexandra Ellis,Burbank,91505.0,"34.167673938000064, -118.34449888999995"
Immanuel's Healing Center,Los Angeles,90005.0,"34.05907052600003, -118.30301712299996"
Salas Studio Gallery,Los Angeles,90012.0,"34.05948330100006, -118.24204800499996"
Mind Body Soul Studio,Glendale,91203.0,"34.15282270900008, -118.26132679499995"
Living Lēla,Los Angeles,90001.0,"33.973274047000075, -118.24896959899996"
Meraki Studios LA,Los Angeles,90014.0,"34.04475373200006, -118.25273671899998"
T5T Reiki,Burbank,91505.0,"34.167673938000064, -118.34449888999995"
Aroma Spa & Sport,Los Angeles,90010.0,"34.06139075900006, -118.30969974099997"
Danzenyoga,Los Angeles,90066.0,"34.00215095400006, -118.42903966199998"
Doreen Rivera's - The Bodyful Mind,North Hollywood,91602.0,"34.15134106200003, -118.36907858599994"
Kristina Nikols Wellness,Pasadena,91101.0,"34.145210260000056, -118.13830665399996"
Inner Way LA,Los Angeles,90045.0,"33.961520807000056, -118.39344972199996"
Conscious Personal Training,Los Angeles,90034.0,"34.028290507000065, -118.40269589399998"
Inverted Play,Los Angeles,90019.0,"34.04884238300008, -118.33610868499994"
Lilia Margaryan Dance Studio,Glendale,91205.0,"34.13853198600003, -118.24386856299998"
Basia Haridass Tacik,Pasadena,91107.0,"34.150763177000044, -118.09228870099997"
Sivananda Yoga Vedanta Center,Marina Del Rey,90292.0,"33.98163383800005, -118.45110794499999"
LA Fitness,Los Angeles,90045.0,"33.961520807000056, -118.39344972199996"
Yoga Expo,Los Angeles,90035.0,"34.054282330000035, -118.38385594999994"
Natalia Yoga,Beverly Hills,90212.0,"34.063841342000046, -118.40025834599999"
Pilates Training With Robert Hanson,Los Angeles,90048.0,"34.073161378000066, -118.37406665299994"
Dubner Wellness Group,North Hollywood,91602.0,"34.15134106200003, -118.36907858599994"
Alexandra Lauterio Yoga,Beverly Hills,90211.0,"34.06566189900008, -118.38146619699995"
Clear Gardens Yoga Studio,Inglewood,90302.0,"33.97375199800007, -118.35768598199996"
Jaclyn Urban Luna Coaching,Sherman Oaks,91423.0,"34.15306168500007, -118.43295885699996"
Polish Your Star Fitness,Burbank,91505.0,"34.167673938000064, -118.34449888999995"
Yoga With Lois,Los Angeles,90066.0,"34.00215095400006, -118.42903966199998"
P by Paris,Los Angeles,90025.0,"34.045183888000054, -118.45025632399995"
Stress Away,Santa Monica,90403.0,"34.02842085700007, -118.49353692399995"
Ancien Wellness,Los Angeles,90046.0,"34.097150154000076, -118.35826821299997"
Lila Yoga,Sherman Oaks,91423.0,"34.15306168500007, -118.43295885699996"
FitClub: Corporate Wellness and Personal Training,Los Angeles,90001.0,"33.973274047000075, -118.24896959899996"
BlazenFit,Beverly Hills,90212.0,"34.063841342000046, -118.40025834599999"
Feeling Fit Fitness,Valley Village,91617.0,"34.16486271900004, -118.40451645099995"
"Jenn Parr, Health & Happiness Coach",Long Beach,90803.0,"33.76151151400006, -118.13748979299999"
Amanda Star,Los Angeles,90004.0,"34.075720587000035, -118.30301712299996"
The Ahava Way,Los Angeles,90036.0,"34.06892065300008, -118.35080783799998"
Puneet Yoga,Los Angeles,90010.0,"34.06139075900006, -118.30969974099997"
Yoga with Fay,Los Angeles,90036.0,"34.06892065300008, -118.35080783799998"
Mindful Masha,Los Angeles,90028.0,"34.10072174800007, -118.32821815499994"
The Yoga Garage,Los Angeles,90046.0,"34.097150154000076, -118.35826821299997"
Embodiment Work,Los Angeles,90014.0,"34.04475373200006, -118.25273671899998"
Yoga Daz,Los Angeles,90048.0,"34.073161378000066, -118.37406665299994"
Aunt Bessi's Creative Healing Center,Los Angeles,90064.0,"34.03541197100003, -118.43217675599999"
WMN SPACE,Culver City,90232.0,"34.01970043100005, -118.39595678999996"
Los Angeles Therapy Institute,Los Angeles,90017.0,"34.05230100700004, -118.26338632699998"
Mary DeCaro,Los Angeles,90068.0,"34.11525144700005, -118.33141607899995"
Sara R. van Koningsveld,Los Angeles,90001.0,"33.973274047000075, -118.24896959899996"
Oleg Flow Yoga,Los Angeles,90034.0,"34.028290507000065, -118.40269589399998"
Stacey Alysson Yoga,Beverly Hills,90210.0,"34.08553160900004, -118.40426878599999"
Arne Yoga For Seniors,Los Angeles,90025.0,"34.045183888000054, -118.45025632399995"
Aolani Yoga,Los Angeles,90039.0,"34.11160164200004, -118.26125727499999"
Mind Body & Spirit Healing,Los Angeles,90066.0,"34.00215095400006, -118.42903966199998"
Namaste Jenay,Los Angeles,90064.0,"34.03541197100003, -118.43217675599999"
Faith & Flow,Studio City,91604.0,"34.144462919000034, -118.39427961799998"
OM Mantra House,Los Angeles,90068.0,"34.11525144700005, -118.33141607899995"
Brain Gangster,Long Beach,90802.0,"33.76935424900006, -118.184528823"
Divine Dance Los Angeles,Los Angeles,90026.0,"34.07687201300007, -118.26535895999996"
HAAS Wellness Center,Glendale,91205.0,"34.13853198600003, -118.24386856299998"
Yoga Tune Up,Studio City,91604.0,"34.144462919000034, -118.39427961799998"
Studio Hasiyat,Studio City,91604.0,"34.144462919000034, -118.39427961799998"
LA Fitness,Huntington Park,90255.0,"33.97867054400007, -118.21899775099996"
Skylark Yoga & Bodywork,Los Angeles,90046.0,"34.097150154000076, -118.35826821299997"
Temple Of Bliss,Los Angeles,90028.0,"34.10072174800007, -118.32821815499994"
Bahia Shortlidge,Sherman Oaks,91423.0,"34.15306168500007, -118.43295885699996"
SAFE HAVEN RECOVERY,Beverly Hills,90210.0,"34.08553160900004, -118.40426878599999"
Angel Najarian,Marina Del Rey,90292.0,"33.98163383800005, -118.45110794499999"
Beyond Fitness,West Hollywood,90069.0,"34.08940300900008, -118.37978902499998"
Anusara Yoga LA,West Hollywood,90069.0,"34.08940300900008, -118.37978902499998"
CorePower Yoga,Marina Del Rey,90292.0,"33.98163383800005, -118.45110794499999"
Aaron J. Martin - Unify Yogic Arts,Los Angeles,90043.0,"33.986730529000056, -118.33290641499997"
Rose Moran Mindful Movement,Sherman Oaks,91423.0,"34.15306168500007, -118.43295885699996"
Malibu Psychic Center,Malibu,90265.0,"34.035060025000064, -118.76029853699998"
